-- phpMyAdmin SQL Dump
-- version 4.2.12deb2+deb8u2
-- http://www.phpmyadmin.net
--
-- Servidor: localhost
-- Tiempo de generación: 01-12-2016 a las 15:59:01
-- Versión del servidor: 10.0.26-MariaDB-0+deb8u1
-- Versión de PHP: 5.6.24-0+deb8u1

SET SQL_MODE = "NO_AUTO_VALUE_ON_ZERO";
SET time_zone = "+00:00";


/*!40101 SET @OLD_CHARACTER_SET_CLIENT=@@CHARACTER_SET_CLIENT */;
/*!40101 SET @OLD_CHARACTER_SET_RESULTS=@@CHARACTER_SET_RESULTS */;
/*!40101 SET @OLD_COLLATION_CONNECTION=@@COLLATION_CONNECTION */;
/*!40101 SET NAMES utf8 */;

--
-- Base de datos: `grupo15`
--

-- --------------------------------------------------------

--
-- Estructura de tabla para la tabla `CATEGORIA`
--

CREATE TABLE IF NOT EXISTS `CATEGORIA` (
`id` int(255) NOT NULL,
  `categoria_padre_id` int(255) DEFAULT NULL,
  `nombre` varchar(45) NOT NULL,
  `bajaLogica` int(1) NOT NULL DEFAULT '0'
) ENGINE=InnoDB AUTO_INCREMENT=13 DEFAULT CHARSET=utf8;

--
-- Volcado de datos para la tabla `CATEGORIA`
--

INSERT INTO `CATEGORIA` (`id`, `categoria_padre_id`, `nombre`, `bajaLogica`) VALUES
(1, NULL, 'Bebidas', 0),
(2, 1, 'Aguas Minerales', 0),
(3, 1, 'Jugos', 0),
(4, 1, 'Gaseosas', 0),
(5, NULL, 'Solidos', 0),
(6, 5, 'Golosinas', 0),
(7, 6, 'Chocolates', 0),
(9, NULL, 'Sandwiches', 0);

-- --------------------------------------------------------

--
-- Estructura de tabla para la tabla `COMPRA`
--

CREATE TABLE IF NOT EXISTS `COMPRA` (
`id` int(255) NOT NULL,
  `id_proveedor` int(255) NOT NULL,
  `fecha` datetime NOT NULL,
  `factura` longblob NOT NULL,
  `finalizada` int(1) NOT NULL DEFAULT '0',
  `bajaLogica` int(1) NOT NULL DEFAULT '0'
) ENGINE=InnoDB AUTO_INCREMENT=5 DEFAULT CHARSET=utf8;

--
-- Volcado de datos para la tabla `COMPRA`
--

INSERT INTO `COMPRA` (`id`, `id_proveedor`, `fecha`, `factura`, `finalizada`, `bajaLogica`) VALUES
(3, 4, '2016-11-01 00:00:00', 0xffd8ffe000104a46494600010100000100010000ffdb0084000906071412121512121316161517171f17171817172417181a18151b1617151b181818202820181d251d1f1d21312125292b2e2e2e181f3338332d37282d2e2b010a0a0a0505050e05050e2b1913192b2b2b2b2b2b2b2b2b2b2b2b2b2b2b2b2b2b2b2b2b2b2b2b2b2b2b2b2b2b2b2b2b2b2b2b2b2b2b2b2b2b2b2b2b2b2b2b2b2bffc000110800ff00c503012200021101031101ffc4001b00000203010101000000000000000000000004010305020607ffc40049100001010307060b0506050402030000000102000311041213215261910514314151f0222333425371819293a1d13272b1c1d315546373a2b206243462e14382b3f107d2446483ffc40014010100000000000000000000000000000000ffc40014110100000000000000000000000000000000ffda000c03010002110311003f00fb348a4c8a347013ec8d43606bb364584f7437322e4d1ee8f806bd82acd91613dd0c66c8b09ee86b5860ab364584f74319b22c27ba1ad6182acd91613dd0c66c8b09ee86b5860ab364584f74319b22c27ba1ad6182acd91613dd0c66c8b09ee86b5860ab364584f74319b22c27ba1ad6182acd91613dd0c66c8b09ee86b5860ab364584f74319b22c27ba1ad6182acd91613dd0c66c8b09ee86b5860ab364584f74319b22c27ba1ad6182acd91613dd0c66c8b09ee86b5860ccca6e1026f053af9a2e686b72af37b7e4c303122e4d1ee8f806bda8917268f747c035ec0344592943c52d65dbb54d808ad7a488e84a6354e3a6263010aab108fb21c739d25676bc148aed52e24e2c0f4588b23f63c9feeee7c34fa31f63c9feeee7c34fa303d1622c88c8f27fbbb9f0d3e8c7d8f27fbbb9f0d3e8c0f4588b23f63c9feeee7c34fa31f63c9feeee7c34fa303d1622c8fd8f26fbbb9f0d3e8de4ff8b729c9326c99eca172674b553176ed13122728a4181334cd48009261a983dd4588b7c93267f104a92fa4e259915ca5cca0809539753d680a8414b489d508826336a8ec837afcaee5db84be5bb923a7aaa672ed289891ca97482455aa713ab4691a583d64588b78273959dade51090b841a5284a9e3b294ad314252510764952895900550766bd9c7dac909119049cbc504a825288c52ba4aeb48d0a4a53d6b0c1f408b116f1d9025ae650f43b5485da01729781544213f825e22b4011485a35c62540810afd27d8d27fbbb9f0d3e8c0ec588b25f6349feeee7c34fa31f6349feeee7c34fa303b1698b23f6349feeee7c34fa342b25a535b9e294344ca93fee77ecab08ec2181f6196914a27821420b499ab1aa351ab6820823af6b32c08655e6f6fc98632af37b7e4c303122e4d1ee8f806bda8917268f747c035ec0964cd0b56b2f571ff69983f4a40ec65f2ac89ebc545dac244c9b19c41067a544c13a6204348d2599c97ecabf35e7fc8a665f7b261b0b07cea432f72f2519aa328a5e4a120bb985e2828c1e29e2c07909ab50492884340061c16f49f60bee18a7294acac92952a7243c31013ab822202b4c14344d0df16fe16fe1b95a0e4c7c5cbd073a33d25c14ad04291178f1e4d9d3482000aa84d543496d3324ca7432853d4cbd52b772876f1ef08d129ca54b889304e9d35a45508307da2532378b73465e4145094a9498a4823db52540c6bd4d9df634a2313282784620150490f1d843c808f066ab84900d50d3592df299449729ae4b48a4cb52e1fcbde3c5a1d92252970b0ec38a8c4a100cf88842a1aa05ba9048728ca95935c3e792e7498bf74f9ea67a161da4c5d95a88844a78214a8e9d6c1f4e464194824995120a669ace920053cf7aa8848e0f18aaaa4c15c96954addd349654081c5a9414b520bc40216a285806719c2b044d9a2b5686f1326934bc65701e99755293053b054e1526a83a115283a4a408cfe09557556d868c992f4c8e4eec3b963b70654fe98380a43d0a51450294211991898c2109dae0c1f6c93e4d781e254a5402553841e2944098525d99d5284e33e71baaa811e2ff00f2dff0ebd96c8574092b5ba9497931222a524a0a15346b227030b8eb6f4bff008d251287993a4e656161f00a4aa9014accd529292a0aae25205674b6dab2726729416f1338c484ac811a868d4c1f37907fe4496ca9ec9a4f23903c42a204a54fdd9084a6a0a29208801598981d02062def651945dc9cbf7af5535148ed24c22015876811868112227401125ba92c8e729e82f5ef05734718744c76af892cc7d94eca549502b0a5052a7a8aa25309ba75080a9810957f15c99dbb0f96b52506041a351882ecbe24002240760a89d534c5aa7dfc692344f8bd3c024182146336967a9301c24a68de4542a130b37947f86a4cfdc224ef1d9a27626a1295a9304cc53a299c920c0bb514911ac1651fff0004c8d73c174ae1924c1e2d300aa59e94415c04aa91e44080e19ba01a793f2b3a7ea7a876b9c5d28217006014446009a95d9d4cfb208c8ee43c2f68c1595255135c14ed34692907d92135550d2cfb00c30c300c30c3024e87f30f2f74efc94fb7ec6759377fd42ff291fb9f338c08655e6f6fc98632af37b7e4c303122e4d1ee8f806bda8917268f747c035ec09e4bf655f9af3fe45336d9090f661a129043e78553b589eba9ba9d2a21553b49e6eb10e16981f77cf4b03d2c2f0278a092afee8c21d8cabc5ca05612ec88088898e811876c74dccbbc792cd49742a35131aea86bde3d8d0895bf50508ba9da04d35850540833890783591d91d601b0a94109a9d83ced27508400be3af58d8d0a54a2b8075769d35d7d5a313b2b4d32a7c9290b5ba884a8ac44081482aec02283d4ac6132d7a6135e3a26740852803ed3bf6602c9351d6a15b03e54fe35077a2bacd463a6faa3575359242f4934a1006a9b1f38f6f9766267cfe30a5743aca6a35c67434c20a1542252a350a839265ca4825536b4c41490444c7d930d90d3ae3aa0c1b2d2d9128cea6aa60483352124904ce044f244215a49ed4dece4914f672a902426a9903122a810aedac75b04483db7ff9a3fe374d6cadea9298a1138c52211854a5004c6e049ec65e4af0254fd4a2000f0449301c9bad6cd29fa46950ab4d7b224fc0e058335194df109264ca0490089dec82224e8ae06a869aaf0d6bf9528ba0a20ba5158498c09482b08241d1a2b06f0ce19522a8ad3c2d158afab6b70f650ecc4294823428122f0621839fb3d369e78abffd996c9f240a492a5bc267bc1caaf425e2d29e76c01a6864b65cfe9bfd0e0d63bc9f273101dbaab48091546bafaf4b054f24803d4267bd8142c914abd292ee1cebce2dd4ba4e1dbb52d2b780a524825e1508811008512083a3b5aefb29cf42efb83d1ba464e740821d2011a0cd15793032835069618604ddff0050bfca47ee7cce326eff00a85fe523f73e671810cabcdedf930c655e6f6fc98606245c9a3dd1f00d7b5122e4d1ee8f806bd813c97ecabf35e7fc8a671b2644f1e80b9a8414d2bcacbc293edaa35041862d53f71285a82d2522b0400f89499a34727588c09ea86825836d91fb25d4f0b9a6708c0ce354e3130aeaaf55ed92f7264a4bb4a290f023c3a6214675b83b1186ad1ab644f0bc8d283134844763f50004546a1334d7a493a18375e64f76a338889811a4eb01275ec106ad7929d109051109314d66a356b8dcd8aac8929842995aff00d631ac1159a389ab642b11d318dc3264a60a13eb3360aa531131455608318c0ed0181f79905c2b4bb8f69d7a75b683a7612024680203a8686f343224a44de3555555bf510a1fdfc0af556206021ac930f7214a0e87ab1501fd42b51263c9e93f260f52c379c7792a500833e24149adfaa0420e82266bd076d756cd6a47fd13bf18fd3605251ecca3472c9f695347b2e39c0820ecbd914bd2a014843ba4a4e1053d889812a89499d7aab86b2615b6821cbee3273a74a0b58540bd3a92803fd2da98b7299011a24ce0544728741882392d6c089794851390eca230069aa9bc19e6a3598791875a40c20a53b72a52b42c3f30899c4d64c40846bd5a054db432790219b38d31e50d46aac1a2a8d42b68564d2440c95c7887e97560c093b761e1082edcf07d9297d13384e2209041a944ebedd90e25eb740cd43a04c01e309020980b9235406b3ae35e83a90a924293267008d043d20ece8f654d2b91a8924c9dcc4fe29bff000ef605e4f955fae294a1d2d42be0af424c60604c4ecbe11888d5b1235aca417890956b00c463bfc992712778824a24ee4122110f48abc36be91ff44efc63f4d81d6192a47fd13bf18fd36291ff0044efc63f4d825dff0050bfca47ee7cce366c8d4b2fde4f4a5268ddc26acab9cfb6a5306d260432af37b7e4c319579bdbf261818917268f747c035ed448b9347ba3e01af60424098a160e82f1e03dab5b263f871d5505bd10d1c61aaa020360ab468d2d649654025e20a5e1e31e08a5048ad6ad06102d9c9c9c802095cad22aa929524555680980dceb6074ff000ebbac523daff10ec09af6c61adb510e88a82b593588e989db5d6d80a9020c22a9554620cc311d5c1abfcb3f257f4699a29957add294756938b069cd55a1875dfd5831355b461d57f5e2d9ebca80699e3add11b6feac0edabbfb40d979e0ab7d0c0e4d55a1ddff003b5a66aad0c3aefeac2fa92cfcd979e0aaeff38dd599f9b2f3c155ff00e3060766ab68c3aafebc5a26aad0c3fcb24bca50ac87805ee943e3734232946b0167a9d12355fd78dcc0f4d55a1875dfd5860415b461fe593cfcd979e0aafbfa9ab964a12f121250f841495021d98c50a0a1a46d0c0fc156861d57b490ab430eb86beac2f6f34f24a830429eca8d718284493104691b44475e1d1c9e92633e5702a0b2265448208278370c183d24d56d187f9689aab430eabd90719527252a4878524020d0aab04020efb6e6eccbcd979e0aafbfab060726aad0eef5dfd581db54cd56d187f964b3f361e7847d58cfcd979e09bafebc6eac1c9aab430eabfaf1694a55ac8c3aefeac191cfcd979e09bef6e93940c6b43d87e51bff00c60c163bfea17f948fdcf99c6cd91ca27bf7866a93076efda4cde73ed116d260432af37b7e4c319579bdbf261818917268f747c035ed448b9347ba3e01af60cd933d2974f54125452b7a42469242d6401d7a19679969614466cf480f128884984d509c5e0e0d6024a6ad338a8734b5b225bd82e621d94d2bc8153c293edaa35041862ccd23fe8dd78cafa4c132f41525335ed19888180aea22041f85ccb2e44fa24a6524440a8a01114800c3644824c36b752876f1e402dcba3033871caa88d0793659e64c2a515170ea249278f5d64d66228eb60e656a52566294bd517290a24110817b03c1428571fd2cf17054e10943c283353c30354dd861e6c8a3273e4443b0840299a407a55100a8f3dc9b459c425f040451ba226cdadf2b4421d16c60870e9e4e493299c34cd9a04ea8e822bbfb1b9cc9e8006744550f601249d0626b8c62d43cc9854120c9dcc12209e3d75031d1c5f5e2dc1c8dff00d773e3af6c7a360ee56e9e24a14b587c6904d4144d1ec3d07d90aaeb8d639acde47ad2b3342497862911aaa4d5c24a7af46b6cb70ec120392e02e74ee0ca67a8901493529d9d4a2da32443f403c176a24ce24bd22b301a9d01a9805c91ea627388015d690476951f41d4dd3f91bc31287ea4cefed0a03aa3a1a65097ab494a9d3a20e9e395d7d1322ac8f189cddd4498c69d718f86c1c4a490b5a662482f5dc5e10a883073b10446a1ced6de88379f95ba7a98a94a768429695105f0098a66c04e5398d7346bdacfb895bd589c84b8508c2297e4888d35876c0964cca731c3b050782edd0eb9c97715010ad201313fd8a664657898519f6824c754513c9d1a0569eb0d564578fb3773076ea1448871aab23f0d9da47fd1baf195f4981874fc28031d223a76f53774836864e73ee89d78a7e93117dd139f14fd2606e906d18f5fa1c1a6906d18b2717dd139f14fd2622fba273e29fa4c12effa85fe523f73e675b3646a597ef27a529346ee135455ce7da6294c1b49810cabcdedf930c655e6f6fc98606245c9a3dd1f00d7b5122e4d1ee8f806bd831a4f945ca52f10b7eed0aa479105e252a115aa0604d5b5b2d0876000329252008412f1204446b8151de3a6a03b7ce9f28aa8ddac80f96494a920284e5822256142baf47376326bc9f2c31e56b0ad0503da9e53a1ed5354401b52900ea2c17a1cbb0203298dbca274d71d2bd063d77b5ae8a02d2afb4c100a4949788819a495035f3a3d98421497c1e3b05c3c884af9e8d1c08565e337c77ddde779dfd460492e5c90f12bca41495c2aa54884d585920ce8888137e1a80e5200780fda89a315cda44c633e701ed6809aa3a76d5533fc77ddde779dfd4638efbbbcef3bfa8c164aa5ce54a9c996bb40aaa0f1274463a550afaa2d549e58ed2a055941da803ec95a0446cd3769bda60fbeeef3bcefea366be904acae704be099f1290b45699b09b1a5aabaeaf460d1924b9d26882a55269aec550782278253acc0698b5f2bca2e54414cb1d22008a9e24e985709d03db1d2d8a2412c136a7a400010548ac84ad24c69635a953bfd89666452794a4a8add3c54610e1a2a82403a5e6b313dac0ca254ef5e5041a883c340898100d44434c6ad8c2a54ef565140aed3b221b2b263dadd71df7779de77f518e3beeef3bcefea3040963b1039eb9590b9c99eb48004d52488a4df1ec66a45951c2674e94b8254a2aa9e26158000acdccb71df7779de77f51814df7779de77f51833e4099329dbb799e250a2e5da5535f253eca000368afe03635e97526041fb40c40847384c488c6b31adb3f25c8e534082943dad2829e1a20121204d1c602010d63bc9b2c04134ca00e82b40d609060f6bd63a88d3a487a11965cc3faa71df4ddfddb62d3f6d38fbcb8efa6ffeeeac2fabcca7264ba2092f4804739022131a8c1ee92211236443592792ca4bb5a021ecea4ad614806a0988e536307a2fb69c7de5c77d3ffb3032d38d729717f0d377f775b79b464d96462aa63a2a9c803418c60f6ad46ad97b42325cb002097c4c54419e81512829100f61500aefdcc1e96432c76f1fbc2ede21603b77198a0a8709f698686d36c4c8a174cf27a148346efda2931e13e89e0a8f9b6db0219579bdbf2618cabcdedf930c0c48b9347ba3e01af6a245c9a3dd1f00d7b02193964257c1278d79b2daf6966a90d9388befde2cae4d59095f049e35e6cb6bda59ba4364f95f7ef1604df2cd33ae09f657b3f0afde0cdd29b2711eaca3e59a675c13ecaf67e15fbc3a99ba5364e23d582690d9388befde2c521b271175fbc1a290d9388befde2d3486c9c45d7ef0608a5360e23d7b18a4364e22fbf78f5b14a6c9c47ab1486c9c45f7ef1eb609a4364e22ebf7834529b0711ead3486c9f2bafde0d14a6c9c47ab01486c9c45f7ef169a4364e23d77834529b27117dfbc7ada690d93e5ebbc182294d8388bafde0d3486c9c45f7ef168a5360e22ebf7834d21b27117dfbc5812c86f0e6ee38279246b16537b394a6c9c45d7ef064f223c39bb8e09e491b2ca6f6703d364e22ebf78301486c9c45f7ef1eb653273c317bc13ca9d63626f66e90d9388befde2ca64e7862f7827953b3622f606e94d9388bafde0c529b27117dfbc580f4d9388bafde0c521b27117dfbc581672a8ca1e5447148fdcfb66f5b3cc8b954650f2a87148fdcfb66f5b3cc08655e6f6fc98632af37b7e4c303122e4d1ee8f806bda8917268f747c035ec0864d590957049e35e6cb6bda59ba4364f95f7ef164f2728cd5f049e35e6cb6ada59b9e6c9c47aef16051f2cd33ae09f657b3f0afde0cdd21b2711eaca3e59a675c13ecaf58fc2bf78337486c9c47ab04d21b27117dfbc58a4364e22ebfaf02d13cd93e57dfbc58a4364e22ebf78301486c1f2f569a4364e22fbfab10dccf364e23d7b1a679b27cafbf78b04d21b271175fbc1a294d9388f56279b27caebf7831486c9c47ab04d21b27117dfbc58a4364f97aef0689e6c9c45f7ef16279b2711ebbc180a5364f97aef069a4364f95f7ef168a4364e23d778313cd93e57dfbc5813c86f0e6ee38279246b16537b39486c1f2bafde0c9e4459cddc704f248d96537b373cd9388bafde0c13486c9c45f7ef10ca64e598bde09e54ecd88bd9b9e6c9c45f7ef165327acc5ef04f2a766c45ec0dd21b271175fd7816290d9388befde2c521b271175fbc189e6c9c45f7ef16059caa3285d447148fdcfb66f5b3cc8b957f30f2a87148fdcfb7ed679810cabcdedf930c655e6f6fc98606245c9a3dd1f00d7b5122e4d1ee8f806bd810c9ca33550493c6bcd62daef66a71b27117dfbc595c9ca33570493c63cd96d77b373cd9388befeded6051f28d33ae09f657ac7e15fbc19a9c6c9c47ab28f96699d704fb2bd63f0afde0cdcf559388f560271b27117dfbc5a671b271175fbc189e6c9c45f7ef16279b271175fbc182271b2711ebd8c4e364e22fbf78b13d564e23d5a4acd9388befde2c1138d9388bafde0c4e364e23d589e6c9c45d7ef06279b2711eac04e364e22fbf78b4ce364e23d778344f364e22fbfab1699e6c9c47aef06089c6c9c45d7ef0699c6c9c45f7ef1689eab271175fbc1a679b27117dfbc5812c86a39bb8e09e491ac594dece4e364e22ebf7832790d673771c13c92358b296727aac9c45d7ef060271b27117dfd58b2993d462f7827953ac6c45ece4f364e22fbf78b27939662f7827953ac6c4dec0dce364e22ebf783138d9388befde2c4f364e22ebf78313cd9388befde2c0b393fcc2ea87148fdcfb7ed67991727f98795438a47ee7dbf6b3cc08655e6f6fc98632af37b7e4c303122e4d1ee8f806bda8917268f747c035ec0864e59095c124f1af358b6bbd9b9e6c9f2befde2ca64d51095c124f1af365b5b373cd9388befde2c09be51a675c13ecaf67e15fbc19ba4559388f5655f2cd33ae09f657ac7e16fd8cd521b2711eac133cd9388befde2d13cd9388bafde0d33cd9388bf7ed6290d9388bb7ec608a4559388f56279b27cafbf78b1486c9c47ab4cf364e22fbf78b013cd9388bafde0d148ab2711ead33cd9388bafde0d1486c9c47ab04cf364f95f7ef16279b27cbd778313cd9388befeac589e6c9c46ff00f4c1148ab2711ead33cd9388befde2d148ab2711ebbc1a679b27117efdac0964459cddc704f248d96537b393d564f95d7ef064f222ce6ee38279246cb29bd9ca4364e22ebf783013d564e22fbf78b29939662f7827953ac6c4decdd21b27117dfd58b29939662f7827953ac6c4dec0dcf559388bafde0c4f364f95f7ef16290d9388bafde0c521b27117dfd58b02ce4ff30f2221c523f73edfb59e645c939c3caa1c523f73edfb59e60432af37b7e4c319579bdbf261818917268f747c035ed448b9347ba3e01af6043272c84ab824f1af358b6b66e90d9388befde2ca64e590957049e35e6b16d6cdd21b27117efdac09be59a675c13ecaf58fc2dfb19ba4364e23d5957cb34ceb827d95eb1f85bf6335486c9c4304cf364e22fbf78b1486c9c45d7f5e0c521b27117efdac521b271176fd8c11486c9c47af631486c9c45f7ef16290d938869a4364e22fdfb580a4364e22ebf7834521b2711ead3486c9c45dbf634521b2711eac13486c9c45f7ef16290d9388f5de0d1486c9c45fbf6b4d21b2711bff00d304521b2711ead3486c9c45f7ef168a4364e237ff00a69a4364e22fdfb5812c88b39bb8e09e491b2ca6f67290d9388bafde0c9e4459cddc704f248d62ca59ca4364e22e60290d9388befde2ca64e598bde09e54eb1b117b37486c9c45f7ef1653272cc5ef04f2a758d88bd81ba4364e22ebf7831486c9c45f7f562c521b271175fbc18a4364e22fbf78b02ce4ff0030f2a87148fdcfb7ed6799172afe6175438a47ee7dbf6b3cc08655e6f6fc98632af37b7e4c303122e4d1ee8f806bda8917268f747c035ec193227ef00584ba2a14af2b9c04786ad4599ce9ef407be96e640f529428a880295e6930e7af6b5e25cefa447786bd1ad81278b7c5e21741524281e1a79d361f06633a7bd01efa5af32a40112b4c2308ce1a7675b42a5681515a41d8543691f10476160a73a7bd01efa58ce9ef407be96bcca910067a607418881ea3adb912d775f188a8c0f08546ba8d771c182ace9ef407be9633a7bd01efa5ae12c44613d31d109c231d8c0963b3cf4d423ed0d0c14e74f7a03df4b19d3de80f7d2ccb97c955695050d1518d7d8d630259d3de80f7d2c674f7a03df4b3ac30259d3de80f7d2c674f7a03df4b3ac3064e4e5be76e9dbb2e225084a4c16984520030c199ce9ef407be96b65d3e6f1709d11a6baa709da48d513d8d9895cb21a1dc669ab505c110898c4a27159db048d0581ece9ef407be964f27ca5ec5ef127943cf4ec4b74fd5295b854d131f4e8a418113674611891ecd44f5900b3593b4bdfcd3fb52c0674f7a03df4b19d3de80f7d2ceb0c19b237aa53f79391338b770ac18f09f6c6d264ddff50bfca47ee7cce30219579bdbf2618cabcdedf930c0c48b9347ba3e01af6a245c9a3dd1f00d7b0609934e76f14b7803b4bc78a20a230014b9d79aa38b66a5ec915183f411af8a801102b35405501da06c0db817329dd9204273c4ce11050b115123580b9c08d90dad993a7210f0adca8ce8125d6d4854151110409d1d1ed68aa0416a692cd203f05208519ae8948253107822009074ebeb6d64e4304ce0a113ae60899da6263131d71d35ed6c944b106317ce0a55f8076e8d158893a7fbbb1b94653526092fd20c2709aecc0a08130e83a34c2ad66a1a01f5e472404978081fd83aebaebaebaf5b729c870d0b035d4802baeba8e9acd7a6b2cbaa58fa607897ceca4c4c0a0c6a9d1842b8412a3a2b81ba15b9cacb9e9497e85031060ecd444f151eb4ebd22243038ef21cdac280ae3ec0b89aa30ac804ed808e863ec4d067d634707468bee1dd4ec0caaf2811ed4a4260764547455ecdc7573b45558f32b7b6b4ca133340e092015440ae6ed493ae10bea0d09364d53b1043c091a601d815b5d9bbde9bf406c744b1e29744994a675508a6118a4aaae0c3440dd5b5f207ef1eae2ee52952456a494575955c0ffd0ed0d1cddef4dfa0319bbde9bf406624e8212029538c2b3b4f6376a3530299bbde9bf406e4b979a29ebf70322ef2dbc3ff00c75682469ac81102b4ebf803703565694052ca54e16a854140a93ad24fb23446bea4aae0435281e74dfa0319bbde9bf406f3d39102336782742a9ca11318d50100624c7457af5b5ef9dbb9948a70f6314a4041528aa099a3610980d3a741d260c1b540f3a6fd01a975255a0aa0ff004aa718a13a4c07a363bd7684a88127786074cf5c2aab65dfad1b4c2e9684851566eb2a5442a0a5680a86a1020c07786d2406ba5d3c3a1ffe80dd66ef7a6fd01b0a42fc2173d1265a55022254a351209e6edfdabd823a993b2aa9eae6a9ca90211898e1581b917c03b91bb507ef272e77168e681ce7db1b49919219cf5e3c1ecc12ec5e5d959591745537ad059e60432af37b7e4c319579bdbf261818917268f747c035ec8c8e5a8a3470b9a351d82e6b73d45af23e8c132a9205c2b2142b4a869075c3511b41a8b2e52fc5535d2ef24bbf2095577c5afcf516bc8fa319ea2d791f4605f8fe85c78aafa4c1a7e89cf8aafa4cc67a8b5e47d18cf516bc8fa305117fd139f155f49a0d39ff0049c78aafa4cc67a8b5e47d18cf516bc8fa302fc7f44e7c557d2638fe89c78aafa4cc67a8b5e47d18cf516bc8fa302fc7f44e7c557d2690a9469a273e2abe935f9ea2d791f4633d45af23e8c15524a3a373e2abe934524a3a373e2abe935d9ea2d791f4633d45af23e8c14d24a3a373e2abe9313e51d1b9f195f49aecf516bc8fa319ea2d791f460a67ca3a373e32be9b13e51d1b9f195f49aecf516bc8fa319ea2d791f460a69251d1b9f155f4989f28e8dcf8aafa4d767a8b5e47d18cf516bc8fa30533e51d1b9f155f4982e1eaea5a9284eb0ee2547ffd0c203a8037b5d9ea2d791f4633d45af23e8c173a7612025200004001a001a20ddb2d9ea2d791f4633d45af23e8c14e55e6f6fc986a329cad066f0b6ea375cc307fffd9, 1, 0),
(4, 6, '2016-11-15 00:00:00', 0xffd8ffe000104a46494600010100000100010000ffdb00840009060713121215121312151515151518161515171518151518171715181715151816181d2820181a251b171721312125292b2e2e2e181f3338332d37282d2e2b010a0a0a0e0d0e1a1010182d1f151d2b2d2d2d2d2d2d2b2d2d2d2d2d2d2b2b2d2d2d2b2d2b2d2d2d2d2d2d2d2d2d2d2d2d2b2d2d2d2d2d2d2d2d2d2d2d2d2f2d2dffc000110800fd00c703012200021101031101ffc4001b00000203010101000000000000000000000004010305020607ffc4005410000102020505090c060706050500000001021100030412214151132231526105425371819192a1d106141523323343546293d2d307727394a2c1162463a3b1e1f01734b2b3d4f16482a4b4c3447483c2e2ffc40017010101010100000000000000000000000000010203ffc4002a11010002010303020505010000000000000001110221315112416113710352c1e1f1328191b1f022ffda000c03010002110311003f00fb64111086ee4da9226299d802d8e70b22ceda3710d0823e62115c2573674d0a5da13281ab2f0acda3f8c6e772f4f289931139608968b2692c1414a400e6f2e46db5b8e755e91acf7dfdb4d35d5a9c2b57b281e103bb547e1e5e87f2868b7b0f34773b756420b2a74b492010ea02c21c1e68dd4b07208493baf2082a13e51096ac6ba6c72c1edbcc753374e4a4254a9d2c05f904ad202b479249b748e785486e08555ba5241aa674b0ab4b574be6bd6b1eeaaa7e2384569dd8907c99a858b4928525412033a9441cd01c5a61521e898a2552a5a94a425682b4f9490a0549e302d1174444c440f01802078c7dcfa2098952d4b9ce66ce164e9a90c99cb4a404853060008b67d01094a94573d9292afef136e0faf19899ab769c3189e9bd7dbeed3781e30ea4ba8575a9160596cbcd7f17e50b55b0c5e2842b94d69f6005f2f308358902cadb0c3aa4e888ef3fc7ddaaf03c612820051ad49cd5379d98e6d20a80ade4e6aadd91dca94952826b522d243e5d44668726c59b2e7c6c8752fa71fefcb69e078c054c400ef49b85934a9ca890006517f24da2cb22d9610a584266ce24a6b389a4802dbdf4b8d1fcd9d47a54da78210f077ed677bc31c50d2533968aeb527272d42b2ab3152e682dc891cd16d9e88989a9d8ecf36411148d1111585e616a7a5e5a9d4122c2e4b00c41b4c331ccd96140850041b8c498b8a92269e3a7ee178c564a992e59996a90085136949526f19c08b2f7b6e86e89b9b2e5a1025cf9232652524a82925759d9568d39da2fe268db3b9321cab248ac7496b4db598e21ede3844ee1b02f936b0d92439a84a81d3a5c923698cf4c69e3f1af3a724e796be59d49a0d73309a54879a862d314802b5648351132aac6736702e46d30ed0e8084a8549f2d49cb226213581210941cc0c6df2acd8d14ae8721dc4b0026cb68eb70caac81b1b35b881c22da3d06505252128ac13543ca2002ce9b3455cd0e343a41d31d3d4cb660bd137202324b45225accb0802b2ca935825492136e6a54144b0d0502e8b974322ab4e9158a6785051cdfd626051aa906d00a48b4db158a14b218cb49f28d532963482926a926d214a04dae0918c73e0d94a2952512eb1056e5132e98b98e03d99ce712493a4c5f532149ee788494a67cb65d665565670556aa0a1eaa8f8c4e76915ac7b22da46e395853ce405542949339733ca19c14576d52926c1a2c31751f73a5aaaa109432575c128980052420248b43109400efbd1b61ba2ee0cb4b054b96c94809aa1496aa1923cad001206c61745f572dca1b9d42505233e5944aaf54a6d5ab299d9d70b0bd84bd86c8d78468db912659494208282e9cf596f1793d054de4009e203087e313333b8882082011dc4f367eda7ffdc4d87887b233f707cd1fb6a47fdccd8d18ce1fa61d7e27ebcbde55aa4a4e9483683681a4683c620c98c05d70bb4476f1892f72a6a4cb299833155d40b9ac4900870d654aecef6ab6031666bb2e18c4ef34d732125f3536da6c169b2dea1cc239145960b8421f1aa1f6dd19b2372d6c80b2094a925444c984ac0490a5106c05458b0c34985a66e3cf52403340294048216ace294a80512d9a493b599ed8cdcf0e91863b75b685125b364d0cccd5433696d1a22d32c6960e2f6173b7f13ce611dcfa34d4cc98a5ac29330b8482730824001f4829aaecd6a745af1a11a8f672cb49dec4232c7eb333ec657f993a1e84657f7999f6327fcc9f09de170db2f6fac19a4e88889a4688234c2e8208a69682506a9503a45560a2c5d83d96b35b8c445d19f3654a2aac66b3fed1868c1f0fe109199482c089e2fac1322dd018b298693b79a29a3d156a0926529363106549d35982adb4102db45e6225b4572e4b0396203303966d16922df6b4ed8b65d1a586505aac15878c24109d2487650b74ede28cb34429052654c5f919c255185bbe203dae2c2f8591c2328c7c54d70e0788922cb090c542c2011659c6d01acb90825b2aab1b344d20ec762f71bf183bd9234ce5e81a66358ef5acc48d3c623297445567c8a8a6e4f7bc82002e19eb3de49e3db1d2a8054012951a89609551e412c428554e0d01a6aa1a589cacc0002e72a40034b9c1b18be892c2430595ed2aac74060f8346149a2943d594b15833268f281058673d76019ecda6268d2e64b7504cc49535629a34a0a600b24b29b4a9c1b741101e8e08caa02e71580b5ad85625e4a500dc135828db6b86d354c6ac111041131467ee1f9a3f6b3ffee26468463ee653e5cb414ad4ca1326b820df39645d8110d785a4f08398f6463198a877f89f0f2eb9d27793b094cdd2485997556540e801dc324d616e81583ffb39e1693c20ebec8e3c254777ae87c6fb59ed6d8398459ca3931c27be3299bbaa849208558e4960cc17509d3ad641e144db9abcdad5bc9b2a115f7d7561cf15aa9d4525eb4a777760efa1f4698e7bf289ad27f0dda225f986fa23e596851e75704d52194536b5ad616626f71c862d8cf4eec51c689d2fa4227c3347e1e5f4c46baa39739f8797cb27e1195fde667d8c9ff1cf883bb347e1e574c76c5740a4a265226aa5ad2b192921d24283d79ee1c5f688933133152d461946395c76fac1ea4e8820a4688236e2ba13a64c995d0896a4a6b05925482bf26ad8005271872139de7e57d49bfc65c20464a91c2c9f70bf9d064a93c349fbbafe7c554f9b2c2f3a90b966a8cd0400ce73ad49e52300f11449a80b6ef92bc12aab7e8d001e2fce168b72549e164fb85fcf89c9d238593ee17f3a1c8216a504ba470927dcafe6c4145238493ee97f3618a44b2a0c1650758004f58222c100a559faf27ddafe644d59fad2ba0bf8e1b888051a7eb4ae8afe28089f8cae8afb62ea4ca52800959417770017185b1740a260523193ccbed83f58c24f3afb21b898251479f84ae75f6443cfc257497f0c39041599324520a8a81961c00d5d6d67fcb113a4d25419d02c674cc583768352c3669da63522222dcb14d0a92de58e3cb2edb1adf17c7a1b4f14746894837a43800f8e5dc3ecdffdce31aeb50009240003926c000d249ba3913925b3936e8b45af686e63cd0a85eb9e599228d494905d240b8ce5b1d22df15b6e6d03086f2948e0e57be5fca87208333333b9313291c1caf7cbf931344a42d4b5a1684a4a52850aab2b042cac5e84b1cceb86e1393e7e6fd9caff0014e8a8ba93a2089a4e88222ad84e779f95f6737f8caed872149be7e5fd9cdff1498b03a9e66d6cc12ca5b7c5414fc6010d1ccacad6ce44a09c429455cc53f9c534e44b2a359134929625216c41168cc31c51a952e582c89c1f38ba2628e803497b9ac888d488857bf92ec1331ead6f36ad0e03391a6d1644d1e9a9596017687ce429239d434db05b330410414410410155214a03312147025ac637f1b73c5499d36f9434e91301b31f27aa2da44f080ea76d81ee2740e28e453115ea3e75d616363e9e2824af82262202608208088206820389fe4a9921458b249604b6826e07442d28a829bbdc243daa0a45d602da74433486aaa7240aa5c8d2035a46d8cd5cf9445948996048cd249d85824924c125ad042d459156dca4c5b8162c8b3497018106dea10c415309c9f3f37ece50fc534fe70e42727cfcdfa92bf8cd8b1dc5d490e982267e88220b6139bfde25fd94eff14987233f74a764e64b9a43a4256839c94dab32c8f2c81bc3161174e0bad9b3520379252f6f38fe88e5613301bc1e231913a992d65d5470a36072b904b17203999c71c4ba44a4104518248b410ba38d36b8f197bf5c42db90423dfb33d5a6f4a47cd83bf667aacee948f9d154f44424ba7a8024d1e680039255200006924e5a381ba64fa099d3a3dda7d340b68c44679dd33c04de9d1f16e1b1b23a1ba2746426be15a43ff9b02cd4f0bb2a100b8770f9b7b5a2d8a089ef619446dacf75e396ec2d3a6381ba27809b6e8b64dbfbd8e853cf01379e57cc852199559b399fd976eb8b212eff003a72337f757e8f49159dd70ed9298eeccf29df4336534d86c816d182337c329d3517cf2ff25c4a77612778bfc1c5af02da311088dd44ea4cd00e84e83a0f95a203baa9058a160e0c1ffc502cecdad54d56acc6ad67aaed63b5acf0b4b54f71584a67b594b259ee74e11c784870733a23b768e7806ea24e844c3c487fe1103d110a0dd01c1cef74aec89eff001a937dd2fb22ad9b85240f1d37eaca1fe676983c209d49beea676471425d699317554014cb02b24a5c8aeec0f18821a9e6c8209e2c8222ac8f35ddbf7469a1225a95244d0b5292c480cc9d36837123963d2c60f749b872a98b932a70554099b3335554d6065245b832cc5c6af54978e3ddb8506f04a8860cc0d812004b322c61559b459b2394f7608d1e075da1b417205a2da8fa003c91eb11dc451c061329006026b036105ecb4904b9bef811dc5480184c9e0300d940cc0001c55b4800004da18345b8e12a5e613f4b48f5457bd1f0c743e9691ea8af783e18711f46b433356879cc944b50cf4bbad5301defb03ae183f45f42d69fef13f046af1e0d596bfa5794a041a22c82188ca26d0748f26141f48743751ef020a9eb1ae2d7777b369e272d1bbfd9750b5e91d347cb8e55f45942e12903fe797f2e25e3c152c21dded07d40e3e58dbb369e78b91dddd116404d016a53048095dac819a0048d003f5c6bff0065743e1693d397f2a3ba3fd195165a82933a92087b6b493a4106c3288d04c2f1e0a965a7baea38556f05cd0a705c02f6061bdc0b72c1fa5f45d0773675c198e2480cd8bc7a099dc3cb25cd2a92ee483fabb8241048390705890e3131c2fb8396492aa552544b835bbdd5616ac90f26c49aa1d218590b8e3fb2a5e6d7ddad0024a15415805414a04e921d89bcdaf1dafe90282555cd12656770aaf9c2d0a0125dd20148602c0e712fb14dfa35913955e652692a5624c97d24dd2b126173f45145e1e91cf2be5c2f1e12a59ffda0503d5666905eb97052414905dc10c2d115fe9cee70ff00d24cd157ca3e494a52cefa2aa521ae03698d3fec9e8bc3d239e57cb883f44d45f58a47eefe08b78f0b52497f481b9ea2eaa34d3a74a89772925c56b4929497c520e911c27bb6dcd55828934938395136daf59dedd3a79a1f3f44d46f589ffbbf8238a3fd19c9953d352933d2726b50534b71e4a2ccdc1661ff003c26a5bf4cb739441ef39c4ef59ec008360ad668038acd16412fbb4dce48b28d48096c54cc1bdabaa8b7608dd3dc26664c52e68455aad9395a2cbeabef53cc23b99dc41524a554c9a41b3cdc91a6f0c9db19b8e16a59ff00dab513839dcc9ed8ec7d29517829fd01dbb0f3466d03e8ae44c952e61a44d05684a88aa8b2b2416d1b635a47d1e04204b14b9b54254900a1073544952795faac6b5ecd4763555fdaa50f527f453f146f7731dd5c9a715892958c980f5c01a5d9989c2303743e8cd13d55e652a6153005425a03b5e40b1f88469f71fdcba681366a13315302d0853a80046728359c50d26365d5e967e882267e88230ab211a4819794e1fc5ceb9edad27f2787a119ea227cbb1fc54ec35a4e3161178c9e03a2d759761078bc07f43b23b130ea1e74f6c4d73aa79d383e3c9102128232f37479b95fc66fe50de6622fbf65bd50bca59cbcccd3e6e56ae33b6f24375ceaabf0f6c5915ab277917ef9ae0f7f140a28d6c77e763dfc5161987515f87e288330ea2bf0fc5115cd746b0bf7dcf7c495235b1df73df1d159d557e1f8a02b3aaafc3f14072549d6c77e796f885146b63bf238efe28ecaceaab9d3f140661d557e1f8a02b5145ebc7d211787bf8a24d4d6c7d21c6dbf18ef287555f87b60330eaabf0f6c070548d6c77e71b6fc6074eb7e338f1e31de50eaababb60ca1d557576c0704a35ff7871b6fc6c851553be119de8a66fce9ca4bb34e377243c667b2aeac78e1452ff584e69f34bc38446d8b0860046b61e915c97f1c09a966761e90ed6bf8e3bca6c3cd02666c3cd11486e384f7bc9757a146fc8de25ef870d5d6fc671e3c7b215dc799fabc9b0f999777b09870cc182ba2718b96f242193ac7a671e3c7b21794d975317f149bc9dfaf13c70c858c0f44e3c50b4afef0a238240d047a499d9080d4dd104137441105908cf7ef896cc3c54ed21f7f236c3d1932e6569e82a2cc292916d5b133a484e836d822c0d20158a7a27977d032b14f44e1f5b188094eb1bb7e792f88084eb1e99c38e205640565e6da9f2256f4fed3dac61b65629e89c3eb6309c940cbcdb4f912b7c7f6bb7030e096313d23871c591242b14f44f26fa021588e89e4be0c9ed3cfb2032f6ab9e20865629e89e4be259588e63c97c065ed573c0659d65757640042b14df71e4be0cef67af92032ceb2babb227267595d5d90106b6cebe4833bd9ebe480cb3acafc3d912659d657327b2020d6c13ce792e81d58279cf25d019675d5cc9f86032cebab993f0c00eac13ce792e851655df09b079a5de78497b21bc99d657327e1850cb3df03395e6957278446c8b086c15603a47977b104ab04f48f2ef63a083acae64f64464ceb2b993f0c4527b8e55def27353e651be3a896dec3654ad54f48f26f614dc741ef7939caf332f57513b21bc99d657327e18b96f2425d5827a471fab842d2c9cba9c01e291a0befe66c10c941d6573271fab0aca4352165c9f128d2dc24dc04210dccd104133444c457519526c9e970345234007d2c967ab7f1f2c6ac64d1811392cc6ca4df8ce946e17686d916374968d74e06ede2bb222b2754ddbc561c51d02ac0748f2ef6075603a47e188a4a41465a6e6ef65ef1582f6601baa1a646afeece1c5859d50bd1cab2d36c4f932c7947059d5c4ff5a21b055827a470fab8c591c1a9abf80e16dd840423531f4670b6ec23b255827a470fab8c0eac0748fc31056a08d4c7d19375b76110a4cbb7331f464dd6dd6ddc71692ac0748fc3012ac073ff00280aca65db998fa3385b75bf9c4908b7371f46796eb7f38edd580e97f289756039ff0094056528d5c778796e814117a31de13c777fbc5958ea8e7fe51054ad5ebfe50456a12ef48bf78763ddc5c7014cbd417ef389eee28b0a8eaf5c4d63abd620aac846a8bf79b6dba14211df033479a56f6fca236630f951d5eb10a5639719be88de35d316117b230176f76d97631c912db4274599ad8b5dc717573aa79c63c71c9596f24e8c476c4525b9593c84ab13e69177b097fca1b554f66ffe7f942fb90b390939a7cd22f1a89db0e151d53d5db1677455e2fd9bff008dbd71448527be1612de690edf6937f37872b9d53f87b615947f585d8de2a5e1af3b08406e6688225504468464d15cce4ba8d829368b6ccbcb616be8668d78c9909489c97234521adbf2f2ecb6f78b1bb32d2083acafc3d90543acafc3d91c0c9dc53735bc6df9c032788b9b3b616bf0788a5e420e566e71d12ee4e0a186c86ea1d63cc30e28468e51959b9c344b1e57b2a38e061bccd61d3d9c7876c5947754eb1e618714150eb7508aca91ae3a7b38f0b7ae0746b8e99c38f0b7ae22bbaa75ba844b2b1ea8e1d1affbc3871e16f5c04a35b1df9c2dbf080eea9c7abf9c494ab58737f38e0d4d7c7d21c2dbecb2395145ebc7d21175b7d9673411610ac473735f1052ad61d1e6be38251af8fa4385b7d96404a2dcfc7d21d8fbeb2ee282bb21588e89e4be259588e8f35f1c15235f1f48796fe2e280946be3e90f2df01d90ac4744f26fa156565f48f35aa75c6dd90c28a2f563bf238eff00f6857332fe57a3d73c20db8b458438cac53d138fd6c239989531b53a354ed7df61032358fbc563c78d9d51ccc0900b28e8d751c5afc620a772c2b212ad4f9a46f4ea25b7d0c90ac53d13c9be85b73a5a449962b1b25a4796a1bc1b619294e26fdfab96f8b3bac25958a7a27937d0a487ef998ede665680de9276d30d1427137efd5db0bc848ef899f652af7dfcec611dd0eb41041114463d05c4d161d149bc1d34845ba6362326880e592c4e8a43d60e7cfa1f4330c3922c23484c3a8ae74fc512261d5573a7b600158a7a27977d000ac53d13cbbe88a528f30e566e6ab44bbd3aa76ec686eb9d4573a707d6e48528f5b2b36d1a258d07555b76886b3b14f31c38f18b283287515ce9c1f5b920ca1d4573a707d6e4833bd9ebc3b60cef67af0ed88a9ca1d557e1ed82b9d557576c19db3af0ed81d58279cf6400661d557576c1943aaaeaed88cec13ce70e2c6075609e91e4dec0195f655fd72c4999b15cd012ac0748fc3104ab04f48f26f602729b15cd0199b15cc62095603a47937b012ad54f48f26f60033362b98c2b5c65cd87cd0de9d73b21a255aa9e91e4dec2aeacb9b079ad63aff562c21aae303d138f14573e60aaab0e83bd3d916bab01d238fd5c22ba415545583c93be381f670882aa0293929761f369de1d41b22e2b4ea9bf78ac38a2ba1295934589f213be3aa3d9c62e2a56aa7a470fab8c59dc72549d537ef15cb742d476ef89ad678a957116d79f6db0d952b553d23c9bd8568ea3df135c01e2e4e82fbe9db211dc3d0410445118f414bcd16e8ef8d07fe246dd91b118b41503341201fef0cc97d14948b9f9e108d612f6ab9cc193daae78e454d5c3d19c6cbbfda20046a61e8ced6bb8f8a028a2cbf1b36d57a3bfd8221ac9fb4aeac38a11a2d4cacdcce0c0f16ad427570261a011a9fbb3871616754591664ceb2bab06c39626a1d657560d872c56128d4fdd9c38b0b3aa0aa8d4fc070e2c2cea88aef267595cc9c1b0e583267595f870e28e2aa353f01c38b0b3aa20897a9fbb385b7616754058659d7573270fabcb064ceb2b993f0c5644bd417fa3385b76167544b23505fbc385b761045950eb2b993d910507595cc9f8638211aa3a070b6ec20211aa3a1b2dbb082bba87595cc9f86032cebab993f0c70aa9aa2fdeecb6ec20393c05ef9bb2dbb06823b32cebab993f0c2950e5ce72bcd609bd7f5761e7860897826f7b365b760d0a8c9e5cd89f342efda1fe51603b50eb2b9938beaf24713a59aaace57926e4edf67920f178279b6f6c7138cb093e4e83771b75c4114041c94bce57909d5d51ecc5e659d657e1f8614a064f252deaf9b4bf403f545eac9daf56f7d1807ea68b3b8b0a0eb2b993d90b51d0d489b692f2e4e1ad3b08b8897ecdf7f3fe514d1c8cbcc66f3729db1af3e11dc3b041044506328c89c8505a5085f9d05e6143099342d36d42f606ba3563cfeef25e7a011485244b26ac89d365104ac0ac44a526b5c2dd0fc708496809f49e0257de0fca89cbd238097efcfcb8c3c8cb71e2b74d8a429fbe29379663e3ac22cb34ec8d6f004be1295f7ca4fcc8b7e04ca3484a96ac8a33ca6ccb6864b70716f7c4fe013efbff00c453e0197c2d2bef748fcd7078091c2d27ef53fe3858bbbe67fab8f7c3e1805267fab8f7c3e18a86e22386a4fdea71fe2a89f02a786a4fde26fc50b355bdf33bd5ff007a9ec89ef99deaff00bd445b48a205802bad357414aca4f29bf97131c2282de9669d3a57886c2ed30bf038efa9deae7de22034b9deac7de4bed89f07d8019d3ac2ef5c026c66b068be2d5515e5e4f29307b614cbd2fe53727142fc0a7bee77ab9f788ed80d2e77ab2bde4bed8afc11ff001148f7bfca20ee47fc4d27de0fcd30bf02defb9beacbf792be283bf26fab2fde4af8e2af041f59a4fbc4fc11037215eb549e9a3e5c2fc1aad34d9beab33a727e642e9a44eca95f7acc62809f3925ec528f09b62c3b907d6a93d347c11854da499339685d2298a0e80928c9100a839aca280dfc8c2fc0f43dfd37d566f4e47cc8e2753269491deb36d0479722f0dc2c21b9f2cce240a45310400485191be0e3c9416e5e47870ee4afd7293cf27e542fc09a3d2e6a50949a2cd70900b2e45c1b858b3bfe6faa4ee9d1fe6c2340a12a74b44d4d369612b485007bddd8e3e24ff1867c1333d7693ff4ff002617e059e1099ea93fa547f9b13412b54d993152972c144b480b282494aa6951cc52accf1a628f03ccf5ea57fd37c88bb714ac6590b9ab9b939d542d61014d9296b6351291a546e858d1820822288f3fbb54f32a908292cf254fe2e64cdfa783496bf4e11e823cc774b4a54a9f2d42bdb2f78a4026aadc82153126ae70b46374124ec8ee810e6be518e8028f3ecd84d4b4c5c377e46333eef3c7fe38c4a17753934d55cb9d30d99c574607c901bcf6209e5e52c1eec923ff004f37ded1be74292da9e1e91acbf733be083c3b235d5eea67c31923bb5470133ded17e7c49eeda5f0137ded13e7c5a95b6a9ddea3f087ddccf860f0fd1f84fc0bf8632bf4da5f0337ded0ff00d4441eee6570337df50ffd4c2a4b6b787e8fc2fe158ffeb0787a8dc28e8abb2323f4ea4f0533df50bfd4c03bba93c14cf7d42ff530a92cd52fba2485e62e529154794549556753dda1aaf398b689dd1c920e5664b4172000a241163176e384bf4e64706bf7d43ff51123bb891aaaf7d44ff510a92da63ba1a2f0e8e780f74345f5897cf19a7bb7a3e0af7b45f9f00eee28fed7bda37cf85496d1fd22a27accae9883f49287eb5247ff00227b6338f77147dbefa8bf3e3a1ddb51b13ef68ff3a15259ff00d25a1fadc8f789ed84a87ba6a993a72a8d5274bad2c29695a4806a8040ce0e40214d78043824473fa6d46c4fbca3fcd8c89fdd12153664c44e520298001720bb252028f8c2c41ad65f1292dece833262900cd4545b9748505067b1883833ed062f31e3373fba7085bcc9c6620a40aad28292a003aab0999ce6eb19ef8d33dd7d1dacadcf2be6416db34098b54b42a6a42261482b48b4055e05a7f8c5f1e6681dd64a4cb426615a96120294326c4de6c5fe50c7e96d1fdbe647c502e1bc210dcaf2e91ffb8ffc32a111dd651ff69d11db0d6e04f1304e9801095ce252e189025cb4bb71a4c0b6a41041050d189bb099c9a44a9b290b504cb5a5552a5eb96424d750606abb8c1ac778db82168f352e934db2b2671667695203b0627ce1d3616e3b709efca6d56a9341b6d08965de5d502d53065badd8bb00cd1e920814c4a1d3e7a49ca4a9eb0c342102d02d362869e5d0f63b0b695ba5348193913d26b025d0820a6d71e51d91ad040601dd0a5b0f14a26c71922d73b67be37c3143dd39ade3644d7b3c9468b2d073b18d78881447c29fb1a47bbfe711e15fd8d23dd2a1f820103baa381a47b95472bdd40c5a4cf76b1e4ad9ee76ba349e21e032287ba6babe3654c7b1aa4898cd543bb8d359f91a2ef0a27829ff007799f0c68d688ad019c77551c0cffbb4dfc930785a5f0548fbb4df86341e0ad019de1597c0cffbacef8223c2b2b829ff00749ff2e346b40f019a77524f033fee73fe5c229dd4b575a42eab1c9b50e9359ee0a794cccd6ed8f405515ce4560c094ed06dfebfad9029e7a5eea17b64aaab87fd46940b5615bd169ab5b96343c2747e0277dc691f2a2fef2570d33a4e62d1214cd9451b5defe2b2efead87ecd74c724fc2347e0677dc691f2a2cee713e2d66a290153e729214854b354cc354d4500438c445a68aa7b66af88122ee386243a520125445e74985a4c4477300410a5329793415b3b358eda481a79608132ffd9, 1, 0);

-- --------------------------------------------------------

--
-- Estructura de tabla para la tabla `CONFIGURACION`
--

CREATE TABLE IF NOT EXISTS `CONFIGURACION` (
`id` int(255) NOT NULL,
  `titulo` varchar(60) NOT NULL,
  `sitioHabilitadoMsj` varchar(255) NOT NULL,
  `descripcion` varchar(255) NOT NULL,
  `email` varchar(100) NOT NULL,
  `sitioHabilitado` tinyint(1) NOT NULL DEFAULT '1',
  `paginado_numero` int(20) NOT NULL
) ENGINE=InnoDB AUTO_INCREMENT=4 DEFAULT CHARSET=utf8;

--
-- Volcado de datos para la tabla `CONFIGURACION`
--

INSERT INTO `CONFIGURACION` (`id`, `titulo`, `sitioHabilitadoMsj`, `descripcion`, `email`, `sitioHabilitado`, `paginado_numero`) VALUES
(3, 'Buffet de la Facultad', 'El sitio no se encuentra habilitado. Disculpe las molestias.', 'El Buffet - UNLP 2016 es un sistema que permite llevar a cabo la administración de los productos y servicios relacionados con la gestión del Buffet de la Facultad de Informática. Además, te permitirá realizar pedidos online.', 'grupo15@gmail.com', 1, 4);

-- --------------------------------------------------------

--
-- Estructura de tabla para la tabla `DETALLE_EGRESO`
--

CREATE TABLE IF NOT EXISTS `DETALLE_EGRESO` (
`id` int(255) NOT NULL,
  `id_compra` int(255) DEFAULT NULL,
  `id_producto` int(255) DEFAULT NULL,
  `id_tipo_egreso` int(255) NOT NULL,
  `cantidad` int(255) NOT NULL,
  `precio_unitario` float NOT NULL,
  `fecha` datetime NOT NULL DEFAULT CURRENT_TIMESTAMP,
  `bajaLogica` int(1) NOT NULL DEFAULT '0'
) ENGINE=InnoDB AUTO_INCREMENT=19 DEFAULT CHARSET=utf8;

--
-- Volcado de datos para la tabla `DETALLE_EGRESO`
--

INSERT INTO `DETALLE_EGRESO` (`id`, `id_compra`, `id_producto`, `id_tipo_egreso`, `cantidad`, `precio_unitario`, `fecha`, `bajaLogica`) VALUES
(10, 3, 3, 1, 50, 15, '2016-11-07 18:54:27', 0),
(11, 3, 2, 1, 34, 15, '2016-11-07 18:59:11', 0),
(12, 3, 2, 1, 34, 18, '2016-11-07 19:00:02', 1),
(13, NULL, 2, 2, 10, 15, '2016-11-07 19:01:13', 0),
(14, NULL, 2, 2, 4, 15, '2016-11-07 19:02:09', 0),
(15, NULL, 3, 2, 3, 17, '2016-11-07 19:03:09', 0),
(16, 4, 5, 1, 20, 12, '2016-11-17 01:46:09', 0),
(17, 4, 4, 1, 20, 14, '2016-11-17 01:46:35', 0),
(18, 4, 6, 1, 20, 14, '2016-11-17 01:47:05', 0);

-- --------------------------------------------------------

--
-- Estructura de tabla para la tabla `DETALLE_INGRESO`
--

CREATE TABLE IF NOT EXISTS `DETALLE_INGRESO` (
`id` int(255) NOT NULL,
  `id_venta` int(255) DEFAULT NULL,
  `id_tipo_ingreso` int(255) NOT NULL,
  `id_producto` int(255) DEFAULT NULL,
  `cantidad` int(255) NOT NULL,
  `precio_unitario` float NOT NULL,
  `descripcion` varchar(255) DEFAULT NULL,
  `fecha` datetime NOT NULL DEFAULT CURRENT_TIMESTAMP,
  `bajaLogica` int(1) NOT NULL DEFAULT '0'
) ENGINE=InnoDB AUTO_INCREMENT=21 DEFAULT CHARSET=utf8;

--
-- Volcado de datos para la tabla `DETALLE_INGRESO`
--

INSERT INTO `DETALLE_INGRESO` (`id`, `id_venta`, `id_tipo_ingreso`, `id_producto`, `cantidad`, `precio_unitario`, `descripcion`, `fecha`, `bajaLogica`) VALUES
(12, 2, 4, 6, 1, 14, '', '2016-11-29 16:06:45', 0),
(13, 2, 4, 5, 1, 16, '', '2016-11-29 16:06:45', 0),
(14, 2, 4, 4, 1, 15, '', '2016-11-29 16:06:45', 0),
(15, 3, 4, 6, 1, 14, '', '2016-11-29 16:06:46', 0),
(16, 3, 4, 5, 1, 16, '', '2016-11-29 16:06:46', 0),
(17, 3, 4, 4, 1, 15, '', '2016-11-29 16:06:46', 0),
(18, 4, 4, 3, 2, 17, '', '2016-11-29 16:11:57', 0),
(19, 4, 4, 4, 1, 15, '', '2016-11-29 16:11:57', 0),
(20, 4, 4, 5, 1, 16, '', '2016-11-29 16:11:57', 0);

-- --------------------------------------------------------

--
-- Estructura de tabla para la tabla `DETALLE_MENU`
--

CREATE TABLE IF NOT EXISTS `DETALLE_MENU` (
`id` int(11) NOT NULL,
  `id_producto` int(11) NOT NULL,
  `id_menu` int(11) NOT NULL,
  `cantidad` int(11) NOT NULL,
  `bajaLogica` int(1) NOT NULL
) ENGINE=InnoDB AUTO_INCREMENT=15 DEFAULT CHARSET=latin1;

--
-- Volcado de datos para la tabla `DETALLE_MENU`
--

INSERT INTO `DETALLE_MENU` (`id`, `id_producto`, `id_menu`, `cantidad`, `bajaLogica`) VALUES
(1, 3, 2, 1, 1),
(2, 2, 2, 2, 0),
(3, 2, 2, 1, 1),
(4, 3, 3, 2, 0),
(5, 2, 3, 1, 0),
(6, 2, 3, 1, 0),
(7, 4, 4, 1, 0),
(8, 4, 4, 1, 1),
(9, 3, 4, 1, 0),
(10, 6, 5, 1, 0),
(11, 3, 5, 1, 0),
(12, 4, 6, 2, 0),
(13, 4, 7, 1, 0),
(14, 5, 7, 1, 0);

-- --------------------------------------------------------

--
-- Estructura de tabla para la tabla `DETALLE_PEDIDO`
--

CREATE TABLE IF NOT EXISTS `DETALLE_PEDIDO` (
  `id` int(255) NOT NULL,
  `id_pedido` int(255) NOT NULL,
  `id_producto` int(255) NOT NULL,
  `cantidad` int(255) NOT NULL,
  `bajaLogica` int(1) NOT NULL DEFAULT '0'
) ENGINE=InnoDB DEFAULT CHARSET=utf8;

-- --------------------------------------------------------

--
-- Estructura de tabla para la tabla `MENU`
--

CREATE TABLE IF NOT EXISTS `MENU` (
`id` int(11) NOT NULL,
  `fecha` datetime NOT NULL,
  `habilitada` int(1) NOT NULL,
  `bajaLogica` int(1) NOT NULL
) ENGINE=InnoDB AUTO_INCREMENT=9 DEFAULT CHARSET=latin1;

--
-- Volcado de datos para la tabla `MENU`
--

INSERT INTO `MENU` (`id`, `fecha`, `habilitada`, `bajaLogica`) VALUES
(1, '2016-10-25 00:00:00', 0, 0),
(2, '2016-11-12 00:00:00', 0, 0),
(3, '2016-11-16 00:00:00', 1, 0),
(4, '2016-11-17 00:00:00', 1, 0),
(5, '2016-11-21 00:00:00', 1, 0),
(6, '2016-11-23 00:00:00', 1, 0),
(7, '2016-11-29 00:00:00', 1, 0),
(8, '2016-11-30 00:00:00', 1, 0);

-- --------------------------------------------------------

--
-- Estructura de tabla para la tabla `PEDIDO`
--

CREATE TABLE IF NOT EXISTS `PEDIDO` (
`id` int(255) NOT NULL,
  `id_estado` int(255) NOT NULL,
  `id_usuario` int(255) NOT NULL,
  `fecha_alta` datetime NOT NULL,
  `observacion` varchar(255) NOT NULL,
  `bajaLogica` int(1) NOT NULL DEFAULT '0'
) ENGINE=InnoDB DEFAULT CHARSET=utf8;

-- --------------------------------------------------------

--
-- Estructura de tabla para la tabla `PEDIDO_ESTADO`
--

CREATE TABLE IF NOT EXISTS `PEDIDO_ESTADO` (
`id` int(255) NOT NULL,
  `nombre` varchar(45) NOT NULL,
  `bajaLogica` int(1) NOT NULL DEFAULT '0'
) ENGINE=InnoDB AUTO_INCREMENT=4 DEFAULT CHARSET=utf8;

--
-- Volcado de datos para la tabla `PEDIDO_ESTADO`
--

INSERT INTO `PEDIDO_ESTADO` (`id`, `nombre`, `bajaLogica`) VALUES
(1, 'ACEPTADO', 0),
(2, 'CANCELADO', 0),
(3, 'PENDIENTE', 0);

-- --------------------------------------------------------

--
-- Estructura de tabla para la tabla `PRODUCTO`
--

CREATE TABLE IF NOT EXISTS `PRODUCTO` (
`id` int(255) NOT NULL,
  `id_categoria` int(255) NOT NULL,
  `nombre` varchar(100) NOT NULL,
  `marca` varchar(45) NOT NULL,
  `codigo_barra` varchar(45) NOT NULL,
  `stock` int(255) NOT NULL DEFAULT '0',
  `stock_minimo` int(255) NOT NULL,
  `precio_venta_unitario` float NOT NULL,
  `descripcion` varchar(225) NOT NULL,
  `fecha_alta` datetime NOT NULL,
  `bajaLogica` int(1) NOT NULL DEFAULT '0'
) ENGINE=InnoDB AUTO_INCREMENT=7 DEFAULT CHARSET=utf8;

--
-- Volcado de datos para la tabla `PRODUCTO`
--

INSERT INTO `PRODUCTO` (`id`, `id_categoria`, `nombre`, `marca`, `codigo_barra`, `stock`, `stock_minimo`, `precio_venta_unitario`, `descripcion`, `fecha_alta`, `bajaLogica`) VALUES
(2, 4, 'Coca Cola 500ml', 'Coca Cola Company', '1234567899', 20, 12, 15, 'Bebida gaseosa sabor cola de 500ml', '2016-11-07 00:00:00', 0),
(3, 4, 'Sprite de 500ml', 'Coca Cola Company', '64563456', 45, 15, 17, 'Bebida gaseosa sabor lima limon de 500ml', '2016-11-07 00:00:00', 0),
(4, 9, 'Sandwich de milanesa de pollo', 'Cocina del buffet', '12345', 15, 9, 15, 'Sandwich de milanesa de pollo completa', '2016-11-16 00:00:00', 0),
(5, 9, 'Sandwich de milanesa de carne', 'Cocina del buffet', '123456', 17, 9, 16, 'Sandwich de milanesa de carne completa con lechuga y tomate', '2016-11-16 00:00:00', 0),
(6, 9, 'Sandwich de jamon y queso completo', 'Cocina del buffet', '1234567', 18, 12, 14, 'Sandwich de jamon y queso completa con lechuga y tomate', '2016-11-16 00:00:00', 0);

-- --------------------------------------------------------

--
-- Estructura de tabla para la tabla `PROVEEDOR`
--

CREATE TABLE IF NOT EXISTS `PROVEEDOR` (
`id` int(255) NOT NULL,
  `nombre` varchar(15) NOT NULL,
  `cuit` varchar(15) NOT NULL,
  `bajaLogica` int(1) NOT NULL DEFAULT '0'
) ENGINE=InnoDB AUTO_INCREMENT=7 DEFAULT CHARSET=utf8;

--
-- Volcado de datos para la tabla `PROVEEDOR`
--

INSERT INTO `PROVEEDOR` (`id`, `nombre`, `cuit`, `bajaLogica`) VALUES
(1, 'Arcor - Ana', '27-94225841-6', 0),
(2, 'Terrabusy-Juan', '27-94235876-7', 0),
(3, 'Purosol-Damian', '26-34567897-7', 0),
(4, 'Coca Cola-Paola', '27-65789346-6', 0),
(5, 'Levite-Gabriel', '26-65387653-7', 0),
(6, 'Cepita-Julian', '26-6534443-7', 0);

-- --------------------------------------------------------

--
-- Estructura de tabla para la tabla `ROL`
--

CREATE TABLE IF NOT EXISTS `ROL` (
`id` int(255) NOT NULL,
  `nombre` varchar(45) NOT NULL,
  `bajaLogica` int(1) NOT NULL DEFAULT '0'
) ENGINE=InnoDB AUTO_INCREMENT=13 DEFAULT CHARSET=utf8;

--
-- Volcado de datos para la tabla `ROL`
--

INSERT INTO `ROL` (`id`, `nombre`, `bajaLogica`) VALUES
(10, 'ADMINISTRADOR', 0),
(11, 'GESTION', 0),
(12, 'USUARIO ONLINE', 0);

-- --------------------------------------------------------

--
-- Estructura de tabla para la tabla `TIPO_EGRESO`
--

CREATE TABLE IF NOT EXISTS `TIPO_EGRESO` (
`id` int(255) NOT NULL,
  `nombre` varchar(45) NOT NULL,
  `bajaLogica` int(1) NOT NULL DEFAULT '0'
) ENGINE=InnoDB AUTO_INCREMENT=3 DEFAULT CHARSET=utf8;

--
-- Volcado de datos para la tabla `TIPO_EGRESO`
--

INSERT INTO `TIPO_EGRESO` (`id`, `nombre`, `bajaLogica`) VALUES
(1, 'COMPRA A PROVEEDOR', 0),
(2, 'VENTA MOSTRADOR', 0);

-- --------------------------------------------------------

--
-- Estructura de tabla para la tabla `TIPO_INGRESO`
--

CREATE TABLE IF NOT EXISTS `TIPO_INGRESO` (
`id` int(10) NOT NULL,
  `nombre` varchar(45) NOT NULL,
  `bajaLogica` int(1) NOT NULL DEFAULT '0'
) ENGINE=InnoDB AUTO_INCREMENT=7 DEFAULT CHARSET=utf8;

--
-- Volcado de datos para la tabla `TIPO_INGRESO`
--

INSERT INTO `TIPO_INGRESO` (`id`, `nombre`, `bajaLogica`) VALUES
(4, 'VENTA MOSTRADOR', 0),
(5, 'VENTA ONLINE', 0),
(6, 'FACULTAD BECAS', 0);

-- --------------------------------------------------------

--
-- Estructura de tabla para la tabla `UBICACION`
--

CREATE TABLE IF NOT EXISTS `UBICACION` (
`id` int(255) NOT NULL,
  `nombre` varchar(45) NOT NULL,
  `descripcion` varchar(255) DEFAULT NULL,
  `bajaLogica` int(1) NOT NULL DEFAULT '0'
) ENGINE=InnoDB AUTO_INCREMENT=13 DEFAULT CHARSET=utf8;

--
-- Volcado de datos para la tabla `UBICACION`
--

INSERT INTO `UBICACION` (`id`, `nombre`, `descripcion`, `bajaLogica`) VALUES
(7, 'LIFIA', NULL, 0),
(8, 'LINTI', NULL, 0),
(9, 'LEGAJO', NULL, 0),
(10, 'LIDI', NULL, 0),
(11, 'FOTOCOPIADO', NULL, 0),
(12, 'DECANATO', NULL, 0);

-- --------------------------------------------------------

--
-- Estructura de tabla para la tabla `USUARIO`
--

CREATE TABLE IF NOT EXISTS `USUARIO` (
`id` int(255) NOT NULL,
  `id_rol` int(255) NOT NULL,
  `id_ubicacion` int(255) DEFAULT '0',
  `usuario` varchar(45) NOT NULL,
  `clave` longtext NOT NULL,
  `nombre` varchar(50) NOT NULL,
  `apellido` varchar(50) NOT NULL,
  `documento` int(15) NOT NULL,
  `email` varchar(255) NOT NULL,
  `telefono` varchar(45) NOT NULL,
  `token` longtext,
  `identificador` longtext NOT NULL,
  `habilitado` tinyint(1) NOT NULL DEFAULT '1',
  `bajaLogica` int(1) NOT NULL DEFAULT '0'
) ENGINE=InnoDB AUTO_INCREMENT=12 DEFAULT CHARSET=utf8;

--
-- Volcado de datos para la tabla `USUARIO`
--

INSERT INTO `USUARIO` (`id`, `id_rol`, `id_ubicacion`, `usuario`, `clave`, `nombre`, `apellido`, `documento`, `email`, `telefono`, `token`, `identificador`, `habilitado`, `bajaLogica`) VALUES
(6, 10, NULL, 'admin', '502f6f643a4181800f70e4fdba42052b1730a82d7b46959fbaeadfe4383074005c7f5d6d1802e65b82870a8e24bc68c1af1e4826d940151739e9c7dff1a25a3c', 'Administrador', 'Administrador', 30454258, 'admin@admin.com', '4556598', 'NO_TOKEN', 'c7ad44cbad762a5da0a452f9e854fdc1e0e7a52a38015f23f3eab1d80b931dd472634dfac71cd34ebc35d16ab7fb8a90c81f975113d6c7538dc69dd8de9077ec', 1, 0),
(7, 11, NULL, 'gestion', '545ad47d08cb9b7b49d401199f2be656ba5d381cfa6676ba9b854e6070db5fe75363122866b00e138db5d1a5b465a3826536859ce4ad270d533df7a57f450d2e', 'Gestion', 'Gestion', 32656987, 'gestion@gestion.com', '4665525', NULL, '5d5052f6e839217f24943a9ccf97c946b0915682b9aec2a694a9c38ffc44346c596cd2b79732f387aa3cf61388e8841018386050693af9dc859809ba61b83fd1', 1, 0),
(8, 12, 11, 'usuario', 'e30ec606bc39730b8221c7bfe0215f2445e9163db49fd6b7b801a2ca02b1a22ce206edd7cde7242bf4d8880257d3773d160eab80725d262d4d523abcad8166ba', 'Usuario Online', 'Usuario Online', 33254852, 'usuario@usuario.com', '4662533', NULL, 'd9e94fd2b4c5522e5bb7996aa4df48a3f6b8f1b0c3e7fadb5fcc724e3ab6d85dc401b0a2789fe56c209b80e86102b218ff74ff8614f315599a180691846138b6', 1, 0),
(9, 12, 11, 'elizaminchaca', '5fbb735bb8dd2e7dcc298ea238f524fb4705ab5f3d03c64f514692b0fe106c176c19366795167ec9918f175a85d2bb118866ba290efb1a78c3910fb2e21c29cd', 'Elizabeth', 'Minchaca', 87654389, 'elizabeth.minchaca@gmail.com', 'telefono', NULL, '82570fe8dd001481f8bce1b31d72aaf8a22286337fcee4dba41aea42ff75b976c5a8818dfadbfa1f6e5dbecc5d045b3436c4fd0b1818ebe955a02ad52a989bbc', 0, 0),
(10, 12, 8, 'online', 'b92215076523144db02fc17d48b0d62550ad1b87d19e301702879c08a2c136ef234039651894a95203e0eb51292f24c0d5226aadad85a4085107078787c6eabf', 'Pepito', 'Juarez', 12345678, 'asdasd@asdasd.com', 'telefono', 'NO_TOKEN', 'bf73164d9941ba1afcf8027913aef0631fc001a2170b76746027a552ece3c0e3a665ccc61f2f0bfbc60669bbdf9ce7f560493bc0f1c494e6eddcf03f3c0b53ac', 1, 0),
(11, 12, 7, 'noebe', '13949be319016760a14e017e8151f24379c75acf78d98a9eae577dd335c4bfdc4c7ca0152742dc711f66389bbba8fd6259659dc383ba3f759c26ce9781ff82a5', 'noelia', 'benitez', 10719188, 'noe@hotmail.com', 'telefono', NULL, '9ba6041e44f5acdf7db8e7a4e47bb73be9f0484012c82487d3988b9af72304edc31674243a8bd67e8bfcc153f40d68b4e9eaf31eba757fd4561b4658017292e7', 0, 0);

-- --------------------------------------------------------

--
-- Estructura de tabla para la tabla `USUARIO_BOT`
--

CREATE TABLE IF NOT EXISTS `USUARIO_BOT` (
`id` int(10) NOT NULL,
  `fromid` int(15) NOT NULL,
  `firstname` varchar(30) NOT NULL,
  `username` varchar(30) NOT NULL
) ENGINE=InnoDB AUTO_INCREMENT=2 DEFAULT CHARSET=latin1;

--
-- Volcado de datos para la tabla `USUARIO_BOT`
--

INSERT INTO `USUARIO_BOT` (`id`, `fromid`, `firstname`, `username`) VALUES
(1, 225201107, 'Elizabeth', 'eliza89');

-- --------------------------------------------------------

--
-- Estructura de tabla para la tabla `VENTA`
--

CREATE TABLE IF NOT EXISTS `VENTA` (
`id` int(255) NOT NULL,
  `id_empleado` int(255) NOT NULL,
  `id_pedido` int(255) DEFAULT NULL,
  `fecha` datetime NOT NULL DEFAULT CURRENT_TIMESTAMP,
  `bajaLogica` tinyint(1) NOT NULL DEFAULT '0'
) ENGINE=InnoDB AUTO_INCREMENT=5 DEFAULT CHARSET=utf8;

--
-- Volcado de datos para la tabla `VENTA`
--

INSERT INTO `VENTA` (`id`, `id_empleado`, `id_pedido`, `fecha`, `bajaLogica`) VALUES
(2, 6, NULL, '2016-11-29 16:06:45', 0),
(3, 6, NULL, '2016-11-29 16:06:46', 0),
(4, 7, NULL, '2016-11-29 16:11:57', 0);

--
-- Índices para tablas volcadas
--

--
-- Indices de la tabla `CATEGORIA`
--
ALTER TABLE `CATEGORIA`
 ADD PRIMARY KEY (`id`), ADD KEY `categoria_padre_id` (`categoria_padre_id`);

--
-- Indices de la tabla `COMPRA`
--
ALTER TABLE `COMPRA`
 ADD PRIMARY KEY (`id`), ADD KEY `fk_COMPRA_1_idx` (`id_proveedor`);

--
-- Indices de la tabla `CONFIGURACION`
--
ALTER TABLE `CONFIGURACION`
 ADD PRIMARY KEY (`id`);

--
-- Indices de la tabla `DETALLE_EGRESO`
--
ALTER TABLE `DETALLE_EGRESO`
 ADD PRIMARY KEY (`id`), ADD KEY `id_tipo_egreso` (`id_tipo_egreso`), ADD KEY `id_producto` (`id_producto`), ADD KEY `id_compra` (`id_compra`);

--
-- Indices de la tabla `DETALLE_INGRESO`
--
ALTER TABLE `DETALLE_INGRESO`
 ADD PRIMARY KEY (`id`), ADD KEY `id_tipo_ingreso` (`id_tipo_ingreso`), ADD KEY `id_producto` (`id_producto`), ADD KEY `fk_DETALLE_INGRESO_3_idx` (`id_venta`);

--
-- Indices de la tabla `DETALLE_MENU`
--
ALTER TABLE `DETALLE_MENU`
 ADD PRIMARY KEY (`id`), ADD KEY `fk_DETALLE_MENU_1` (`id_producto`), ADD KEY `fk_DETALLE_MENU_2` (`id_menu`);

--
-- Indices de la tabla `DETALLE_PEDIDO`
--
ALTER TABLE `DETALLE_PEDIDO`
 ADD PRIMARY KEY (`id`), ADD KEY `id_pedido` (`id_pedido`), ADD KEY `id_producto` (`id_producto`);

--
-- Indices de la tabla `MENU`
--
ALTER TABLE `MENU`
 ADD PRIMARY KEY (`id`);

--
-- Indices de la tabla `PEDIDO`
--
ALTER TABLE `PEDIDO`
 ADD PRIMARY KEY (`id`), ADD KEY `id_estado` (`id_estado`), ADD KEY `id_usuario` (`id_usuario`);

--
-- Indices de la tabla `PEDIDO_ESTADO`
--
ALTER TABLE `PEDIDO_ESTADO`
 ADD PRIMARY KEY (`id`);

--
-- Indices de la tabla `PRODUCTO`
--
ALTER TABLE `PRODUCTO`
 ADD PRIMARY KEY (`id`), ADD UNIQUE KEY `codigo_barra` (`codigo_barra`), ADD KEY `id_categoria` (`id_categoria`);

--
-- Indices de la tabla `PROVEEDOR`
--
ALTER TABLE `PROVEEDOR`
 ADD PRIMARY KEY (`id`);

--
-- Indices de la tabla `ROL`
--
ALTER TABLE `ROL`
 ADD PRIMARY KEY (`id`);

--
-- Indices de la tabla `TIPO_EGRESO`
--
ALTER TABLE `TIPO_EGRESO`
 ADD PRIMARY KEY (`id`);

--
-- Indices de la tabla `TIPO_INGRESO`
--
ALTER TABLE `TIPO_INGRESO`
 ADD PRIMARY KEY (`id`);

--
-- Indices de la tabla `UBICACION`
--
ALTER TABLE `UBICACION`
 ADD PRIMARY KEY (`id`);

--
-- Indices de la tabla `USUARIO`
--
ALTER TABLE `USUARIO`
 ADD PRIMARY KEY (`id`), ADD KEY `id_rol` (`id_rol`), ADD KEY `id_ubicacion` (`id_ubicacion`);

--
-- Indices de la tabla `USUARIO_BOT`
--
ALTER TABLE `USUARIO_BOT`
 ADD PRIMARY KEY (`id`), ADD UNIQUE KEY `chatid` (`fromid`);

--
-- Indices de la tabla `VENTA`
--
ALTER TABLE `VENTA`
 ADD PRIMARY KEY (`id`), ADD KEY `fk_VENTA_1_idx` (`id_empleado`), ADD KEY `fk_VENTA_2_idx` (`id_pedido`);

--
-- AUTO_INCREMENT de las tablas volcadas
--

--
-- AUTO_INCREMENT de la tabla `CATEGORIA`
--
ALTER TABLE `CATEGORIA`
MODIFY `id` int(255) NOT NULL AUTO_INCREMENT,AUTO_INCREMENT=13;
--
-- AUTO_INCREMENT de la tabla `COMPRA`
--
ALTER TABLE `COMPRA`
MODIFY `id` int(255) NOT NULL AUTO_INCREMENT,AUTO_INCREMENT=5;
--
-- AUTO_INCREMENT de la tabla `CONFIGURACION`
--
ALTER TABLE `CONFIGURACION`
MODIFY `id` int(255) NOT NULL AUTO_INCREMENT,AUTO_INCREMENT=4;
--
-- AUTO_INCREMENT de la tabla `DETALLE_EGRESO`
--
ALTER TABLE `DETALLE_EGRESO`
MODIFY `id` int(255) NOT NULL AUTO_INCREMENT,AUTO_INCREMENT=19;
--
-- AUTO_INCREMENT de la tabla `DETALLE_INGRESO`
--
ALTER TABLE `DETALLE_INGRESO`
MODIFY `id` int(255) NOT NULL AUTO_INCREMENT,AUTO_INCREMENT=21;
--
-- AUTO_INCREMENT de la tabla `DETALLE_MENU`
--
ALTER TABLE `DETALLE_MENU`
MODIFY `id` int(11) NOT NULL AUTO_INCREMENT,AUTO_INCREMENT=15;
--
-- AUTO_INCREMENT de la tabla `MENU`
--
ALTER TABLE `MENU`
MODIFY `id` int(11) NOT NULL AUTO_INCREMENT,AUTO_INCREMENT=9;
--
-- AUTO_INCREMENT de la tabla `PEDIDO`
--
ALTER TABLE `PEDIDO`
MODIFY `id` int(255) NOT NULL AUTO_INCREMENT;
--
-- AUTO_INCREMENT de la tabla `PEDIDO_ESTADO`
--
ALTER TABLE `PEDIDO_ESTADO`
MODIFY `id` int(255) NOT NULL AUTO_INCREMENT,AUTO_INCREMENT=4;
--
-- AUTO_INCREMENT de la tabla `PRODUCTO`
--
ALTER TABLE `PRODUCTO`
MODIFY `id` int(255) NOT NULL AUTO_INCREMENT,AUTO_INCREMENT=7;
--
-- AUTO_INCREMENT de la tabla `PROVEEDOR`
--
ALTER TABLE `PROVEEDOR`
MODIFY `id` int(255) NOT NULL AUTO_INCREMENT,AUTO_INCREMENT=7;
--
-- AUTO_INCREMENT de la tabla `ROL`
--
ALTER TABLE `ROL`
MODIFY `id` int(255) NOT NULL AUTO_INCREMENT,AUTO_INCREMENT=13;
--
-- AUTO_INCREMENT de la tabla `TIPO_EGRESO`
--
ALTER TABLE `TIPO_EGRESO`
MODIFY `id` int(255) NOT NULL AUTO_INCREMENT,AUTO_INCREMENT=3;
--
-- AUTO_INCREMENT de la tabla `TIPO_INGRESO`
--
ALTER TABLE `TIPO_INGRESO`
MODIFY `id` int(10) NOT NULL AUTO_INCREMENT,AUTO_INCREMENT=7;
--
-- AUTO_INCREMENT de la tabla `UBICACION`
--
ALTER TABLE `UBICACION`
MODIFY `id` int(255) NOT NULL AUTO_INCREMENT,AUTO_INCREMENT=13;
--
-- AUTO_INCREMENT de la tabla `USUARIO`
--
ALTER TABLE `USUARIO`
MODIFY `id` int(255) NOT NULL AUTO_INCREMENT,AUTO_INCREMENT=12;
--
-- AUTO_INCREMENT de la tabla `USUARIO_BOT`
--
ALTER TABLE `USUARIO_BOT`
MODIFY `id` int(10) NOT NULL AUTO_INCREMENT,AUTO_INCREMENT=2;
--
-- AUTO_INCREMENT de la tabla `VENTA`
--
ALTER TABLE `VENTA`
MODIFY `id` int(255) NOT NULL AUTO_INCREMENT,AUTO_INCREMENT=5;
--
-- Restricciones para tablas volcadas
--

--
-- Filtros para la tabla `CATEGORIA`
--
ALTER TABLE `CATEGORIA`
ADD CONSTRAINT `CATEGORIA_ibfk_1` FOREIGN KEY (`categoria_padre_id`) REFERENCES `CATEGORIA` (`id`);

--
-- Filtros para la tabla `COMPRA`
--
ALTER TABLE `COMPRA`
ADD CONSTRAINT `fk_COMPRA_1` FOREIGN KEY (`id_proveedor`) REFERENCES `PROVEEDOR` (`id`) ON DELETE NO ACTION ON UPDATE NO ACTION;

--
-- Filtros para la tabla `DETALLE_EGRESO`
--
ALTER TABLE `DETALLE_EGRESO`
ADD CONSTRAINT `fk_DETALLE_EGRESO_1` FOREIGN KEY (`id_tipo_egreso`) REFERENCES `TIPO_EGRESO` (`id`) ON DELETE NO ACTION ON UPDATE NO ACTION,
ADD CONSTRAINT `fk_DETALLE_EGRESO_2` FOREIGN KEY (`id_compra`) REFERENCES `COMPRA` (`id`) ON DELETE NO ACTION ON UPDATE NO ACTION,
ADD CONSTRAINT `fk_DETALLE_EGRESO_3` FOREIGN KEY (`id_producto`) REFERENCES `PRODUCTO` (`id`) ON DELETE NO ACTION ON UPDATE NO ACTION;

--
-- Filtros para la tabla `DETALLE_INGRESO`
--
ALTER TABLE `DETALLE_INGRESO`
ADD CONSTRAINT `fk_DETALLE_INGRESO_1` FOREIGN KEY (`id_producto`) REFERENCES `PRODUCTO` (`id`) ON DELETE NO ACTION ON UPDATE NO ACTION,
ADD CONSTRAINT `fk_DETALLE_INGRESO_2` FOREIGN KEY (`id_tipo_ingreso`) REFERENCES `TIPO_INGRESO` (`id`) ON DELETE NO ACTION ON UPDATE NO ACTION,
ADD CONSTRAINT `fk_DETALLE_INGRESO_3` FOREIGN KEY (`id_venta`) REFERENCES `VENTA` (`id`) ON DELETE NO ACTION ON UPDATE NO ACTION;

--
-- Filtros para la tabla `DETALLE_PEDIDO`
--
ALTER TABLE `DETALLE_PEDIDO`
ADD CONSTRAINT `fk_DETALLE_PEDIDO_1` FOREIGN KEY (`id_producto`) REFERENCES `PRODUCTO` (`id`) ON DELETE NO ACTION ON UPDATE NO ACTION,
ADD CONSTRAINT `fk_DETALLE_PEDIDO_2` FOREIGN KEY (`id_pedido`) REFERENCES `PEDIDO` (`id`) ON DELETE NO ACTION ON UPDATE NO ACTION;

--
-- Filtros para la tabla `PEDIDO`
--
ALTER TABLE `PEDIDO`
ADD CONSTRAINT `fk_PEDIDO_1` FOREIGN KEY (`id_usuario`) REFERENCES `USUARIO` (`id`) ON DELETE NO ACTION ON UPDATE NO ACTION,
ADD CONSTRAINT `fk_PEDIDO_2` FOREIGN KEY (`id_estado`) REFERENCES `PEDIDO_ESTADO` (`id`) ON DELETE NO ACTION ON UPDATE NO ACTION;

--
-- Filtros para la tabla `PRODUCTO`
--
ALTER TABLE `PRODUCTO`
ADD CONSTRAINT `fk_PRODUCTO_1` FOREIGN KEY (`id_categoria`) REFERENCES `CATEGORIA` (`id`) ON DELETE NO ACTION ON UPDATE NO ACTION;

--
-- Filtros para la tabla `USUARIO`
--
ALTER TABLE `USUARIO`
ADD CONSTRAINT `fk_USUARIO_1` FOREIGN KEY (`id_ubicacion`) REFERENCES `UBICACION` (`id`) ON DELETE NO ACTION ON UPDATE NO ACTION,
ADD CONSTRAINT `fk_USUARIO_2` FOREIGN KEY (`id_rol`) REFERENCES `ROL` (`id`) ON DELETE NO ACTION ON UPDATE NO ACTION;

--
-- Filtros para la tabla `VENTA`
--
ALTER TABLE `VENTA`
ADD CONSTRAINT `fk_VENTA_1` FOREIGN KEY (`id_empleado`) REFERENCES `USUARIO` (`id`) ON DELETE NO ACTION ON UPDATE NO ACTION,
ADD CONSTRAINT `fk_VENTA_2` FOREIGN KEY (`id_pedido`) REFERENCES `PEDIDO` (`id`) ON DELETE NO ACTION ON UPDATE NO ACTION;

/*!40101 SET CHARACTER_SET_CLIENT=@OLD_CHARACTER_SET_CLIENT */;
/*!40101 SET CHARACTER_SET_RESULTS=@OLD_CHARACTER_SET_RESULTS */;
/*!40101 SET COLLATION_CONNECTION=@OLD_COLLATION_CONNECTION */;
