-- phpMyAdmin SQL Dump
-- version 4.5.4.1deb2ubuntu2
-- http://www.phpmyadmin.net
--
-- Servidor: localhost
-- Tiempo de generación: 27-10-2016 a las 15:42:33
-- Versión del servidor: 5.7.13-0ubuntu0.16.04.2
-- Versión de PHP: 7.0.8-0ubuntu0.16.04.3

SET SQL_MODE = "NO_AUTO_VALUE_ON_ZERO";
SET time_zone = "+00:00";


/*!40101 SET @OLD_CHARACTER_SET_CLIENT=@@CHARACTER_SET_CLIENT */;
/*!40101 SET @OLD_CHARACTER_SET_RESULTS=@@CHARACTER_SET_RESULTS */;
/*!40101 SET @OLD_COLLATION_CONNECTION=@@COLLATION_CONNECTION */;
/*!40101 SET NAMES utf8mb4 */;

--
-- Base de datos: `grupo15`
--

-- --------------------------------------------------------

--
-- Estructura de tabla para la tabla `CATEGORIA`
--

CREATE TABLE `CATEGORIA` (
  `id` int(10) NOT NULL,
  `nombre` varchar(45) NOT NULL,
  `categoria_padre_id` int(10) DEFAULT NULL,
  `bajaLogica` int(1) NOT NULL DEFAULT '0'
) ENGINE=InnoDB DEFAULT CHARSET=utf8;

--
-- Volcado de datos para la tabla `CATEGORIA`
--

INSERT INTO `CATEGORIA` (`id`, `nombre`, `categoria_padre_id`, `bajaLogica`) VALUES
(1, 'Bebidas', NULL, 0);

-- --------------------------------------------------------

--
-- Estructura de tabla para la tabla `COMPRA`
--

CREATE TABLE `COMPRA` (
  `id` int(10) NOT NULL,
  `id_proveedor` int(255) NOT NULL,
  `fecha` datetime NOT NULL,
  `factura` longblob NOT NULL,
  `finalizada` int(1) NOT NULL DEFAULT '0',
  `bajaLogica` int(1) NOT NULL DEFAULT '0'
) ENGINE=InnoDB DEFAULT CHARSET=utf8;

--
-- Volcado de datos para la tabla `COMPRA`
--

INSERT INTO `COMPRA` (`id`, `id_proveedor`, `fecha`, `factura`, `finalizada`, `bajaLogica`) VALUES
(1, 1, '2016-10-22 00:00:00', 0xffd8ffe000104a46494600010200000100010000ffe0001c4f636164245265763a2032303139332024000000000000000078ffe100e245786966000049492a00080000000500120103000100000001000000310102001c000000aa0000003201020014000000c600000013020300010000000100000069870400010000004a00000000000000050000900700040000003032323090920200040000003233350002a0040001000000e001000003a0040001000000d701000005a00400010000008c000000000000000200010002000400000052393800020007000400000030313030000000004143442053797374656d73204469676974616c20496d6167696e6700323030383a30383a31332030393a32313a333100ffdb008400030606091009101010101010101010101414141414141414141414141414141414141414181818181818181818181818181818181818181818181818181818180104101020202020202020404040404080808080808080808080808080808080808080808080808080808080808080808080808080808080808080808080808080ffc000110801d701e003012100021101031101ffc40097000002030101010101000000000000000004050306070208010009010002030101010000000000000000000002030001040506071000010302030407040804050402020200010002030411122131052241510613326171819142a1b1c11415235272d1e1f0073362f124348292b2164353a273c22563d2e21101010101000301010100020000000000000102110312312141321351ffda000c03010002110311003f0039c8772f40520250e50a8316a80b552d0218a8889c85b24a9c10862150917050b90a042b8e085013d425aa29f17c2a960cb5096cd4472b940a45857c4a5beab56c81fe2e2fc4df8a7c3579e923775bff00c87e4b2c76a9e53a5d35bbc02a52dd168efc2551d5a208dbfe263fc4df8abbed2ec0f154251d46ed12e80e601937f7c5075dfe61dfbe08845b4c3fc4b3f17c8ab36d4d078a1452ca11e375de096b65344dbc8efc1f309cd00fb5f277c4222160c39ae8a6080547f29ff85df05832c9a360dc2ba589a90b744ea2ecf9a1ab839daa1f8a0685764ed22e31ba9ec86121cbc933a7fe58fdf1594e7f4c8a1cd97ac60404210a00a37218a8b0d650b945205c1408130a8084b5a17219e856157042140ab821452051b945a02d42aa442b940a72428b0a8b4802b96c9b7d322e78dbf14c86afdd25a7930b7277f30f02b2e313b8823c414652074647039ae98ddf6f143d12d6cd1de05518b53008e36ff898ff0010570dabd86aa1296545852e8161a71d9f24b2b07db3bf7c1188b69c7f888ff11f81563da9c3cd0229a5033f61de096b64f46ecddc777e69e6cf6fda9ee07e21110b296290a608a6b1bf60ff00c0ef81582ac9a320c1c5765b92c6d6899d94d62bd9055c1cb93aa068565faa2989ec83dfd9298443ecc251afea0b9a82c2bd331072d4295488aca07a8a0ea0b2a0a172890a22210a502057211c1098870a84a5850942b941235cbb450a42a1728b404a8c201b87287f7fa2146f7d1fe844d50ceb67718613a65be6d965e7dcbd33b3ba3fb3299bf66c048d1efcdc7e092a3e92b61e4c3e41207d753e2ce261ff004845ea6a59aa289cdb3e28ff00daaaf27457634c71612d3fd07f4428a16d8e88ba285f242e748d0dec9b621723b9796cb4ad39aa4707f9a8fc42b9ed51ba13e14a4e12a1704a5acb4c3b3e493d70fb6778a342ea5ff331f9fc0a7fb50e6152d53295d4e513bc12d4cd765b327fef8a69b3c5e77ffabe21590b328b8a60cb6b7fcbc9f81df0582ac9a360f6eaa67765616b08344de1d10a0c3743150e57ddaa66cd13488224ec231a0e00947bfa8ce502f44e606721dc112544e6a09c1458728772a5235021123b21ca05a04071500e5c10652561d44e0a083db35f8851480a1dc140062be9408ea38a473835a0b9ce36002f616c6d814943f6b7eb6a1cc687621bb1dc024019dc822c92645f5b14ef762c64e2e3f2b28a7a69f3ccad1323e3ba7a3072e2ac8cd9c30153d4d2c7d235a33e2abaf6db472bb14e61db4e6baced167fd26e8eb2769aa80de41da673cac48f2cf4598b7972065aae3d6e2d9156adabc16e84a9f642390ad6ba46f67c956eaff9cff154b0747fe699feaf814f76a3736f8288ac24d57fca3e090a67fb37b2e4d767ff0035de07e2980581441a98a2cda1fe5a4fc2ef82c0961d1b0cf9a8cf65656a70d4e6240b19890ae4072b6ed5386e8168223b7e6df309b01bab3b547f509da2157aa724394338205067043b941205c151410a18a118651940a448372a0b8429495855115068973651481ca154181d756fdfe480d7ae3a2dd1ff00a20ebde71544acb065bf940e64df89cbb96a3043bc715f52a64c3b6b0a790e96f7adb0425d483b43352bfb2558880c22e5ceccf05fbe8b1db8e688b2f93a3c1e32d7bd5226a3aaa67123787259b514cbf6b6cc8eae5152cfb396269c6cfbed1738afcf32b14da9ecfef8acd9254b2872dcbd56b0ae147ecf80f82acd4ff35df894586a36ff008a6f9fc0a75b53b61522a8528adfe49f3f8acea65d48f21aeb2b66cdc388f87c5584ed73646125da23fc3bff000bbe0b050b368e82ecbef0e6b0b52768c9308f4549053821dced501aaca7c9d498e64d078a7cd91b648687f4f88509d17ac72c1289c12d481c84728208b8728a0ae51e154a0ce511428110ee6a05a243592561c85010a223b28c850419c147c152c3addfa1bb09b2cc6591a0b5b6c2d3cf994263d8c28f08b9d4ab343b309cdde8b49ab7434310f6508f8613a055d1ba642dd10b251b4dd18061d9ec6333cc9b252fd96e2dd554d217430481d675d4f3d344791ee29ea607b5293aaab12345b4b8e79e842c53a59b24b982a621f67a3dbc41e7e1985ccbf59abceee0a17f65690ae146dcdbe0154ea1df6aef12ad68e83fcd37c1df029bed5edb7c3f343515549abff92e48132da7fe5bbc47cd5b766fb6ad9d60e2bbc2a8443b507f8593f0ac09a334ad1a24e8be1d1616a4dd6299b2e4ad1275ee4397390a8ad58f8a3a188e42db298477e05098feab95015ea1843e142b90a83bf121dc80416ca2510390a054a0ce51590ac23940e40b06b8704b507210c50a3ea8dca8419154b4d34aec2c6979e161f13a0541eb55a5e826d17b4976160e448f915ed5d8db221a7a660b67617fcd66c6fbd332b551458df89d9856febafd91eab7b638707db5f7a55d4e7750b4f1b866a76bc6137442162505bf9a0d9b45988b52565b34ee2ec8a5cf783a817e765a9156ada78e4bf3c392c2e4adea64c323771e70b87efe2b2699abcb3b6f643a9aa4b0e8eb961e63b9532461c3e4af34b5ce8fd9f054f9dbbc4f794d53f5037fc4b7c1df04cb6aff00307e15425515736abad4e7c9216ce606fd93bf12b5ecd6f6d5b32c1652a8b5676b1ff0aff0f9ac178acfa3c4e5728b63311b0591a0d19427fb268cd9aeef4d09b3764b8fb2e4ca2e8c543b465fc5cdfcd27aa2587a39248f70611765af73cd585bd16978b926d332b551745582f89f7cb97c13b876353f3720f61bd96e0a3e0bd839e8902f40a0c54484480841a8889c857054a0e540ed109814a15e80216cb94b5212a1c2851c1475351544a6d1b0b89fdea724bba46c7b27a164baf51c3d8047bc85e81d9db269e2168d81a3f7c5788f2f93acb57f8e3dec1dd73fbf251ca677124eeb780e6bd4f83fcc6dc2d90b70c561e88c89c78aedb41975b92e5ce6e1597ad7ea0c34d942e43d323899c435551b280e3cd23a2237d51c5ea9bc2262dc59ad12921e49063cdd9e4b1bdbb044661d60386e2ff9a6e983458ea1a6a96c6d9dbd675576875ce86d6d2dc953b68740a1c3f664b7b895e47fe4e562527fe9cac8fd9c405f42163b5704ac271b4837e47e2bbf9d9b01eceff35e479724d36aff00307805b4d5515576b1ff000c7c420a8a1c0dfb23f8d5c3673375dfbe2a332c05abe61516a96d8ff28ffdf10b0e6daeb1e8f6a74b451611768d027aca383ee85cb6b586281834099756dc44f82051931cac34d22a338260a5635ce735a062d7c971775941ba612bf0666a80f4eb90c57b97383943bb454108e51215867142a05a02a054a06b942a0854052d619ca3eadc74b93dc0a05997d59558add5497fc0559a8fa3158f76f0eac77ae4efcbc0f5acd274468c018c179e3727e4b4ba5a08636e18da1a3b9795df93acd6acb1c2ac54f08d6cb01246d91c677723f256a6c4f732fcb45f44f1fc7721952bdce39d94952fb5f0adba3f2a7cd566fae68d8eab75723ae9ac7048f299b58735a0b47345b8a893c1bc52a98cfcbfed7c2eb69a4ab83a803137c490b464854b69d283bcc20f82c4f6e4ee39381e175a3ac7a8e283f945c3933e775b1be20bc2f9beb8148e581aaaf57b3a19059ecc5e2b04d23309ba27438cb98cc0eeebfe6b2ddabd14ab2ec4cdeb77725dfc799a2564f51b32ae3edc4f1fe92b34daff00e5c8cef7175e925e9aa753b7fc313c9fc55d366ff2ca69475873521d150949db9fe51de3f92c21ab368d6e7033ec9be09b46d0b8cde6ad45856b18d6e49cc2a9676e7eee485ba15be35d9a21505e98705095ee1cc4486705141aca0285609c10e502d095010a9418a190a83a1d2c42a0a692495ac634b9ceee5eb6e8e7465b14249d7da71b7a0bae0f9b7c553e91cfbe60919e76cc77e88c8e061b96907bc67eb6d178fb7ac294446e98b222b3af87714253096373207b8f0694f826494f2bbacb95bbd1b9b81a0f017b78afa163e3b314a6556b6b6ab26e93f4be9e96d89cdb9e6a6ab5e58145fc45a67cf84e8e26c73cf2e056ff00435cd730106f7eff0082e4baf96e7b2640e6735a13215d373b625d4eb3daf85edbe1199d14273a798fa47b622a688b5b9ccf70681ed5c91a0f32bc81b73a41b7a9ea082edcc56c2f6b984657c2e17047f4f92469adbf7437a5735451976608716bdb9e4401d9bf8ad2ebed2b38dedafc94eaf53f06c52b1d080061b305c79ad9bab5e6fcdf5e4a829224a248d71ca237459a85d0df9aa0443350c5873b93cbf6164f5fd07a1ab16313dd6e115ee7c722b7e2d3a55caabf86f0be9b03a9d983932e1de27bd79a36c74066a66134f8e46939b0f6dbe400baf4b8f29ec4656cac367b4b4f220dfd106e72ecad9f6df93fc379858a3565d1adfa9d9ba3f0a731b1725bc636328e6c6ad0661299457ba01199c5c9423540884044b7b4a05ea750b97b87341a1dca94849503821406a0b2158450aa40a50f85555a3b26143b3a59e6eae3cf5cd66d6b807afba3dd178e067379ed38f7fdde4b63aa8c3636c63cd781baef696af3616df8ae1bd1c81efc4d73e227531d85fc4104159b1924c66d8558d1b93b0fff00233ffe2466aa33516da69bff00857ffbc7ff0075ab591f00759b630ef1a767fa5e7ffba413d7d617f56e731d8801badb79eab290b0c14b1888c86e70e41bf78fecab6c4f9319e7bbf05f41cbd0e55bdb0238062f8f7f15fc9ee994d34fb42691cebb5af2c6b78644e7ee59f4dbc7751b5e8cecb1132318eeccf3c6cb769bcb3e7debd05b3eae7a49a2a76ddd13a289ec73f518c02e69b7792979cfe354fafe89f46a8e46c20bad99be5df65ada372fc9f50b240424b5cd6e073b8d8a284e7ebf901d3086a269ea656bee617d98c077c80eed78e575e7aacdaf553b8758e2706675cf962275291a745ec3fe1663752bc968c0e9b33e4dcc2f54d46cec27226da8570d54a89d0b6afab79203cb6e725eb09366b6d763aeb97bcbcdea7eab12d2b8256691c42f35c6106ea075b3c954ebeaa9e2dc66f48741c493a0099c51fd06c5924fe7bfaa26d66b6d7ff513f92d561a6a7a78f7377bf53e0bab98d50d6988c3c73e7aaae6d2d9d0c873b5f5fd1379d1b0adb9d08a4a86ef821fc1cdb7aaf0bf497a275545310e05d18b59e7bc5f3b65c5753c5e4fe09e6de927f971f887f7587356fd09e9187b0df009eb5a2cb9adf0507008e2ec89f04211cc6dd1e1a927086b3343b7f9a47268baa00c0cee5d7560b9585e9550397b6600a50e50a83d90e8541ca1ec8440ca838aa5212842a82d7f62f43ea2a1a1f27d9c5e1dae5c57ac3656ca8636f571372e76f7af13e5dfb5e05a2414585f89cebf92415184c86dc562d4e40d494f134b95f382d7e31e5c168b24b551ee14ed0b4c9eb1c2c72599cc5bd6137f67f6179cfeb02c5154c72403505b90fcd680ece769e417d0f2f4395236e44d7482f9db82f0ff004b7a35232a9d550b71090d9f1919679df2e2b1e9da9f18e6ca7c1154f58ca17492b7b21f2031b72d70e0b9b2d6a28abe6a9fa4ce7ed756dbb2db5b203c969d50672fe85f47b6b39ec033b002e4f3b66b4e7d737d1466d67f554a8da0434ac736c57c9625b9e2d6e51d5c7962bfa2d53504dce65c48235e7aace22e80cdf4901ef73834e77feeb2b47abdc9b0f63b6285ad6dacdcec15f6c2d62aa0ab09aea47fd20bafc4705aaec9a56baa0d9e5b89b93867c7915ccf23caf97eb4e76c8aae156ff38c140cbb3b695bfcd5ff001447e522c5eacca94fb3f68bc1617b6369f6d80dcf85ce5ef5a7ec4d8f4f0d2e160cdd7c4e3da3e6873059377ecebb3b56d544da7899daccf35ac5c711d5b43b99547da52e275b96652b57f1643f58bc37084ee1ab6cb1f552678c1009f9ac7edfa43f977fc5be89b6958d963fe5ba421cdb684e7881e472165e1766a57a6cdeba0f404536ef904ce17a4340a139ba35b3ef59296662a116c9722a0dd7d232f45db1f6cf5287800b595d80b0eb7364cbeb08036e5cd1e698a7ab10ee5ec58c39433d45204394b58551b821400e50215057623973217a9ba37d1664369a718dee1bac17ddbd88bdfcd70bcfbe7e16f4ed35134b439fe9c1369660d0b8dce412bd356626595599aae3ef5d671cc96c5595b52eb26e74383295ef24dd03b4aa401856db7f06c8ea9f9aad363fb40355c1632985b7a9b004ad6e2c5717ef0bda78be3d260be48f13ee73559afa4c4db2d35d980f63ec4a7c57205d01b5b64033756c02d7b9f3fee8e40f7f44c7b38b0e4436fc0129b9bb45af9ad12336aa70e711c74597d63713c8cce6744f6494f7a3b58d64dd496f6ae41b0e44d95eea608ccdc2e935b577d9f0831db8f02a6aea66e1b3bd42a2981ed06e0ba6db31cf6e02752b89e571fcaf4b878310f2f82971d85f3296c4898fd6fafef25f249acc767c0a15a81255bf9a495ee93d73586dfc42da6ac6365cf92495558cc473d4aca5a189f7d0171ee56a8f67d596e3fe58fbcee16e3641216f01ff00187a6503a0fa131dd6bce1323c76459d936fcf774b715fce366be8bd4627e37b5e826ba6e2668d4a8d2f9f58c0df6923faea117cca9c53bffa8a0c3d971fdf8a11fd26c8d99af34de164df5dd55f705ae00e28733ed0771723e01f99b3ab1c75efcc947b3604dc5cdf7fe499c53fa8aed572e192f4410442895203b648628103108772b408540948d8fa1344c92b5ef700eea9b700fefb97b2a869862321efb0f9af29e4ff00459d4b366c3ec9bfc156ea64de2b99bd02900764a60d5c628d2282ead0ca35d2c64e8e9f331a2dc56755335dc50792ff000355194a57eddd73614b26c00dc6f7e1b9cc0fcd5ca40c5eeb13f1e8b08405c3e16905c53dd457a0830baeac0d115c9c375ae312b3572478b26d92491cdf693725575f68edd6df8055ba8a37825bc4fef34ce14ad7d5b50d7ddb91d78f9a7b1579eb835faf358eb5c6cb14d8436c792eea368b01b3b8aa88c4b6cc4c92d6246651d052cfd55c905bc0f82e2f95c6f2367d993b8c599d00b2be3741f258e3240d2e10fb211cccc84d319d5431ac712fe1f9aa4edfda90410f5d553474cc37b62b991c393183336efe6b248079d1ff00c5de8d47fcba5aba977de9431a3ff67deca9f53fc6a7977d85053b3f18b9f82ed67c63f555e7fe35f482c70369d9e0c58a6d3e9f748aa587adac9834deec8dc58d3dd60792d5ea8f3dd7b3bf8fc789e6556da151e34cd2dbb47dea1de3f7bd508dcb62772467d164fd9548963a17b9c065c169d4b41034761aeef364d09e32360e16ff00484735ccf34d4465d9e4980f7a253ddae50f05da00590a855281218a52c31509089408a1894b1ae9b0b6d1a4aa126b1fb63f4e2bd4b49d3bd91261b5446c3f74dc5b98b11cd79cf3e4ba7926dca12dbfd263b6a37dbf9aaf4dd22d8ed6e275547e1882f35e8ce47274bfa3e35aa6fa9f926d0749f613bb35919f127f243e816874154d71bc6f6483fa5c15f5d2e26eead19fc3e28952f7026f7baa93df9ae2d672d7208ad595c0ceac733217684c68f68f59a1c97adcd7a0cae01c39a96495dd90b565ba9e3191b1bbd99e48b0fbb7268c3cf25d06450aae68dce26f937bb92c5b6974ca9a0b75bd9bbb51ef013725e99e547f1568f135911363abc8764ae149d2ea53383d687e3b0b9bfcd37a55ade24acfb20400721c964db49eec44e1cf25874db95f766cc1f4e08d4704357ef335cd6583acc30d432f8b79a2de5e2b69e8f35eea1224d2fbbeab2e9c9d2e34b016b95f6275f864b030869ade6944d56c6e5c6c7f77fde14437807a69fc568a2749051b5934c727cceec45c30b1a7b4e1ae21cfb592fe72ed5acaaa8903a69a599c2fbd2bdcf26fdeebadb20f88c31d87894d1b1e498d0fd857e3122421ab89a93b626724147c326c0ce48e10f209431c627f2513613754b71155461c9d336843dfef5ae5674876843cfe2898f6852e773ee4c0a76d6d361b97f1e4516eda34fc1e11a9fd077a1caee165cf68b872f9642206e50392c20ca84a2517b90ee4b1a97b66a5cc6e5debcc92bcb9e49cee4ae579068711eff52be3b061feeb145a2c2de4bbcb804267165a1da7590bb1453491bb2ecb8f0d32d17b0ba31fc65ad63b0d78eb5bff00918d6b5fe6d197a04bb966b1ed9d91d2ad93b45a7e8f3090b402466d7b7c5ae009d785d597e8388e4ee791fd571758677efaa5f6ef551a887038879d334bf4571966d9da90e021a6ff007ac89d891c9d592f698f4c20f25daf1bd04f8d0a22712b1d34671e271dd1a2ebc8b1724adb9c3aa42f6d439f87d9e3f359f4e9e58674e7a511d243d5b7b4e690374f7e772bf9d15bb425a994758e279772e8f5c5bf5718ba3b0df7b5f12a8db5e0313b71f6c27237f7d9639a6bd4fc7f46bf855b625aaa3b4dbd86cdd35b0d4d97a53686c363e377bb35aa93960e24969e6c37e3f3564755b246fc52a41529a49aec7b1dc41d7bbb256f3414768da3d8c8f05c9bf5c7d2d6c921b6ff000f15d7d2a20323e59a1255aa9acb9dd37fba39db5bf21e8bf9e1fc43fe22bc63a4a478b9bb6695b6cb15c3a3613ddda70e7da4acaf3faf05e5f1f8e7aa16eb6f5b46e34c9a7244b7565df0516abd50de50b1b9a1a35a638b24c5ad590d11854cc67723807cfabe127b23de886ecd82dd9f8a253f7d5907ddf8a97eaaa7fbbf157d1f1db763d3fddf7947376152711ef284be3de2e08172f64c21ce8a27201047211e80210a0dca2062a1e2a94a26daa4748ccae755e6c9a17b1c41045972f67c06bf2c8d0f8bf70502e815d6241d438a0a9a88e60f85ce6c838b09bf865af05fd0be8bf4a36cfd03ac9b04b6c205da4486e6dcfbd66d64af46e23a5150e83b385c7862eff555299cf95a5d33ed6bd98cf68f224dcac7c6ecf8c3ec6a5a67ced74a1801360d04db2e77d4ad36bc6379c3725c5beef0d17570db4a9cf0d90eb971567a5c6e6732741cbbd742312fb152b196cae5301dacc66529ade38fe2b6c663a88b85f1337bd2e6c325fcba6867597797f562f8b06a390cc2d15cfb44d06df92dbe49b1b36fcbbd20aaac6cd29367df3c46f9792cb12e9fd4efe0c50491d10bb7b64bb7b5cc2f76c986daad291e7be935231f1f5aded3323f9ac3209dc1f99d42534d5aa82488cc4bce832f1ef5717ed4a98e3c51fda3c5eec1af8daeb06a32eb2aac5fc40a78f175a1f111c1ed3e7aa12b3f8abb2591138dc74d2337f22b030fabc7fd25fe29d4d442f869d9d4c4fc9d2127ae70d7220d9a32b643b2bc9cefdff7e6b6482cc10c0857051add0726cdd138a4d75f945abf520e25f20b97255396b0e45b74590431a8e6a6c50d6394ca55886a29022669cd366a8b7b01c8572f6ce623b2033b6680417820dc802190a54402e502a523be6914d490bbb4dba4711599362521f64a17ea2a3e4523d4e0eed894bde94bf6041c0bbddf925fa8faaf54ec1701769baa449048d398b2cbaca8ce8eb9ec3901e3c56fbb1b6c48f958d26c05ce169f7948698f4ec35f18788c3097bb527d7252d55437aeb3db9068233f4bae671dfc9d48d11b596c372321c813aabc524d2b6e2f88bce6790e4ba3906a2c73d2e3a8f4571a6644c7ee9b92378f8705d1731f62ae06a5ddee007fa4667dc9bcb591f5cd37cdc6c3f7e4951ab8c9ba50f89cdb1b1b5ed75fcede92745315df0bc07126edf64ad8cdacbce351d12af18376ec37de1a70cafa2dc7a29d0a8fe94c74ef058d20e116ed77fbd0c8e671fd54d831c1144c6b48e0ac95b519ba33eef508dd4e3149eadc1e5aeef1e22eb33ac82cedd23fbae5c69d9c51ec779905ef716255febe2eb8621ba5b9e26f7734f2de59dbbb470bdd1d4471bdbecbc62e3a677b68bc91b6658dee2596032caff24865d338778a1f1206211ba4ea17e91adc591ba235d0b264d764a16e6ebedf2510827c5752c0ecd6739636d91ec6e4b3acc7829da5120b0e5335ca2d35d48d7288983f34e2370b28b7b310abd93961dca144b00e4095140ca192d60dc8672a50750b90a8297280a01857284954a405c935440c78b255836655bb24b6e5a4940ecfaa314cd39dee173751aa3dd94956c74b0bdb9dd8e07c9a6df055c9eb1d23cbb890d68f23faae4d77a2e12573becc917c837d16bdb3ea63c588ded6cfcd3f27e87415ff00678b3f1e7dcacf054e1693dc174ab933eaad4d5d1b1ee94f0c56f459ced1e9060344ecff0098f2eff538903d08583aedf19bf4876c56c8ff00b36df2cfd49b2c5f6acb5e23b3e3eac91c4dd6fcff00db9fb51e4dad5058c8c0b0d6c2fef57dd8bb4670d3f66e76b97fa82dee5e6362d97d349054888b6ce61ecdf97039772df19b7e396adee69d5adcbc00bae67b3a7c26da0ec44b8769b9fe8a9d50f25a1d6b1ba44334d26836a03209067a62f34d2bfaa6d1bfed0b3addc69b5f0df891c96d8c0f2cf4ce2644c66270735b1363d3b6e000c62fa5ec4dbbd78f19b12a6a1ce30b2da6a75b792cd48d293b4b656d082f8e3dd16de1a66aa6d7485b9e4a321834348e29a31cce6479287268f073f7265bba5d5c50ac0de6174e6f8225914d03ed966848a17f7a4716b130264cba47169b352b54e2870729aead68fac523654a41acd5320e28d1edf784315ec1cf04f50395a81b906552819421285615c8772a507721d0a901085c280619ca14b5057216cac455513599a5d515b49513cb68e3f359347e5e8be8e6cbab8b0b5e37ae4e5e055cfa974728bf8fa95c7af4398b9cb46e7438da32c4b55d8703a3c609ed165bc81d7d52f2d3416d1866691261c2c71b61f9a475b598625beb17f58dd56d6fb46c7cc927c066b2caaa8acac9e3676226c970f3c6c6d7f0cbdcb03acf51ec2d90c645639e60dcf92d7e3653b2fba3cd7a1cd71f412aa285ac366b5a6dc824928c30dfb868a74b91e4de90c6cbb9fa3813bc3537e6b28a1dab306e97c3c6fdeb8daae84fc7a3364edc6c90e237ddc9de8bebf6973cd84ab8569abc741862fb317758663dcb2a7edd26a6ed7be17e122fda69cc1208c93994beb454caf73a4904b8872d3c0704a2818dec93bc2f9142ab0d2a28ce796ba8f25e5be91f478b09922ec9ed37e26e8d2c67d1d386b7dfa2e7a96142e7d46218f3b85236167778228076da58c9d33434d48c07b5e4ad0a9cd874c450b23597c8956b4a226f192de298c74ce3ed5eca8b316413735fba9941ede6a0c5e2988c9f7ee2bafb7e3ee4e5a78fe919e57ba0e4ac7078185089336ae4b1dd1aa9beb07fdd050fa92fe88b908bbf198339b740b931409c84724a042842a2057281529014396a11067a15c81033821525610dd4254aa3ca0d966692dc06bfa2f4050eca8a3600001af05cdd5763c7927a3ae6b36910ebe117f7b54ef6fd21ceb1df6eeb7fa89d34f15ce74dac747a290b6488f13c781002d6aa69e9c3035a33730dac388e2b5e625ac736dc9506511c8fb5b3199cafa5d67eea8b0188630d3dc9b4b52fe8ad748491da24f9701e1dc9c4546d6b9ae160db3b2cbe0b9ee9c683156b4359cf24d6b3685c8cecba3d66f500edac5cd75cf2feca79f69b7e8a40be4d57d5fabc91b4a77ba43c95768a81cd6e435bae70ab48d97059d83ef7cd69bb2295864763176b7e2b4659b4ba6c3fa460a838ecd61045c9e20e5f0423361b658bac8f0723cc3c679f71ba6d272655b0c31c18dad17b00eb0e3c4faac345739d586c18467f8f4f0b2c8655d5bbcd3cc6aaad59035cc73798b66b614f1b6d5a07b2a8b6ee03516bd9578d2baddaf7a17268099ae0eb6f144fd11f60734c245c4f6839bae7beea674f193c3250615cf87fa6e8abc66d6c2a2e0810b0ea014761636f86f75005af9a6b91a5bbd47f48761cc6f7309a833e92db5b985232af8005443eeb8065efa2cf5b56d73c937b70c9518faca96bae3350b5f67d8677baa47f510a09cbd0b10475d06e40a04857040b0c8572a11715c394282b940e42306546502c1390a50ac39089a7a773de1a352b3d5c7a6b6650b19134019d85d5cdac0b8fa7a5cb08da91fdbcf87b4d734fa81f9ab0747e95cccdcecee70f73cfb47b873ee59ce6e5f498a28b73526f7fbdcca021dab25ee715f85bbf9725a3d938ccba63b41dd5bdc38b9a3d015e7c8b6d387127469eecf5216bac6d77675544fa6bf336bf9a82b27ead9c7470fd560ae9641c156ec0d29f36771b8e485b88259dc1a6cbe999fd4dbef7e4ac2cce6873f8ab7534b4cd8d8d71b3cf87344e7eabaacda94d14cc7e7832b5adadf5d55f7606d47f5af2c6e36937c397119e4b57193ad469a0eb22908ecbad88036d2f910b398aae489f261be176adf3d541656ad9f799b6d7f7c562aea07336e3a316dc770e4597581a1ad1a50093cd55266e6b510f3a74b295e1a246f0d7d6ff003580f5f77767167fb2135c9d25133b11f9269bf6b0bdfbcab2095f406fda04f3523e378387003a662c8903f53fd07c6c11eca4786f6477281710533c3f322ddd74fe5980398691cf3510aa58a03bd7f24644e65bd9b722891d48ce587d14784db2173e5654886baa061c3c4e597c5250dddb1c3972b28d1c0985a3d9f5fcd4821662ec9bf9222dfd40e0877af42c45ce439d1004bd0ce28161ca0dfaa8300e50954520721108d19192150204768817042a42b4ee8e51bb19791c2c3d567d3663eb7d89bba8f6e8b8af44c876c5647d710d6efd86276795b3cf86886d99518db91ddbe7ae76d520c69b5ceb44dddd74d7c3251d039bd4ca2d790b408ef7ed2671182f4836d195e6368c45a737dbb474208d152fea5bb710dd7919dbf22b4dac922bf01da14f3020e28c5f10cb8f157566d264ae7b6f71ecf9f0f5493f2b1535cb7c3e4993262d93f101924f1bbd8beaaf8adcd4d14f08c9e6d9e5f92390aeaa1b6df1b1840205c8c2ef359749d4b89eb5cf91dece1b8f82262a8e3bf658096f0c59dbd56d3d16aefa2d56293b04ef79f15a252b8d776bd53e094e0764f71cb9e9623d55668ab1fd635ef376ded9db8f02834d195c69e69293690320fb27875bbee6e2d6ee40529824da6f97592e79e986c32598f5fa6e2a8352d372b531b32dab4e0b0839dc15e4ac31bb439e774d73b41f718cde20f80291c7512e222f96762546614e9a4fbd7e7a2ebadfea3ee4417c73a669bdee2dc6cbb8aba4768db956b3e22dcee75d50b1d2bb166091e2ac00c52bb317bf8d977f57b814282e461e2ef23f04540db34f01ddfaab354bdf74b76e835fd94a24693de8442e42e0cccbafcb244b44b82e09d390e698291fd48210ef5e85cd2e70412058340bca00a1282776951885c10965141dca1c284210a15cd4081ca1f0a8a40d612eb735e9fd9d035b181c82e6f92ba9e35bd802225c5d51b027b82e73b4c3a78677df18ea62f6dce2313b90035d6c97b36a5347231acb6adb7ea79a522f351b67acb3ee376c0b5c351fd360aa1b47a4b40d6dc63320be06b1c7177ddbe99a7655a671b3a66bdc6f1f577be44e7e6b4116434fcab951037359ed7d13c022216233f14a0d8aa376a6d4658e136077b77dfa2e5f51b56676200d9ba65fa27318ca56edd17761b9e447e898bf6455ca0ba67e07769a073e2a0c14343339df6aec4d190bfb95921a28ef904a322dd06cf60d5be69dcb4cd3e688d542592adc4478f719701ce02fef4e3635075b2c8c96432b30df06438818b76c6e9ece75b4b664ed6618e57bc37b2c76f61f339a67d17a79c173e6ca43d9f0f9a5704d82696ee55b99ae4d028b5eddd5e309a9dc277075ad736efe764d60d8191aee041eecbe287746cbef3482788cd1b1a1752307b371cf352329a3be86de7e8152dfbe8c31dda2fdc6ea47ba38ddf749fdf14c5a0fa6bcb880e732dc6c3e69689dd88fda136e764b25618ea63c57c3e63f2534b3c6ed1d6f1ba88ea36b5c2d7f8a1eab0c719b12ac4ac86b401916f3b94261d7c72c2852a402e381b6b88d91e70b6322e5b7ee3cf81442cbfa7ce403977d8cb9ce421d1440eed102e4220e8537ba8a477c9024aa40a540e0a291d90ef096a065abf32071ee428b56cba4619b996adea066ab95b76f1f0f636f7239d9356075545da3d5188e2eef88d174fd8f48ea3c0e8c6f36f976b31af8a6059c7fd230682a6a6dc81665dd7c0b2cc30c55d2330ee120073bbaf73749e2ccea6908389bee4d68eac1dd3915472c3243924986c5509d98985ae6fde0552b0ba17ef5fcd34ba324da7217642d6f14117ceee04faaa018414323bb570add1c11b5bcca13463fb2ab1535d6c8668d5552fb57e80fbd689d1aa37475121be6e888ff00d9a8d9daec11efbafa1c926a7700f7467561c8f8ff0074d0ad4cb592e9100d47ab602c2b08e906c47cb130b05e48f1bac35ced978e48dcfd3cf6e8ec3537f2f43de812e980e36f244c42d9d77deb8ef4de265496f0f1fc95a93b3746fbfd10127d15dc6e8825669617b09c5e58822a9a08eda5adc025a7123a18b4de47328584dee4a32ce994f1b5b7b9f359ed5ba4925b37b2141c2fa8924bea4fa2923690dd4f3d143a8766273cfea9a75923e66c65b936fcfc5529fd457a5ce5dd73c0390aa2237350251083b86aa61930f7a884aa19596e2a945ee42b9529de58546c85c50a86752c6f7b9398289ef06e70b5055ae1434d18759a3979ad358d0b89aaf438f86adeca5d2c86eb336b3b965eb2b70fb11ef3bd321e17b2bbc75073075e1f9278478fdf966bc818be900e3dd905fdfa24a195155bef81fc1755748e071352cc30a2da1ecbb55637c4d39aa341b62b825da83925f50d85ee18af70896e8434e3447e31c028149d5bcea5765a0699956b01262252dfa2b734d0d1ccc2158a832a8f16b87c1425a4c4d1d5fa2a2ed673a1ab8e4f61fbafee2059bf24c2d788e5616a81eed50895efa36275902e899d6939b4a642182f4cba3ed86035118c43da6e597785e7b8258f08230b6fcfc38aa73f425b330ee8b13cd34b3837b7fe9fc9428a258e3933c4710d03b44b61616b0ef667503e49aa07d486b73be6a66456e24a5adf240ed6d7f0f9a6f48e76105b7e37ba328c769cce6b0ebd90553a37dce58473bdfe4a9a844a2d992d23b824b4ee73c9c39d868efd1359ba751b6c77acd2792734ac675d7ed77f92598fe91140bb55e818013f5431d10a9f1aeb79a5cde3e6a2d0e0cbcd472644d9411532f9aea7e1cc2a5003aafcd84dd450e6b18d39e6a46c4f70e4102266164672188fdee5f9a9e85af9ea70ead199e4b3e8ecb68eaa327bd7dde69cf35c67a2860646e1551da53e185c41e1f9249f55ba2c5f45bf1399f54c2092ee0791174742b94d944e3c9a7e0bc9f534c08041de096b49154098e176ebc71e7656381ee69c2ef552991054d1b4ef05fa96a1cd384a019bcd21bf8a52da90ce17c489660dab67246b6a6ea225ced7529764a0426242ba509e0045c9c5149f6ccf1f91514d8e3b755e0a97d258af447c5bf119a2209762baf4d6c7d8b02388e5eaae3bc3d9cf9fe894a82a48c60ef2abc5ce755846138ab65c161ecb858f9afe7ded36b61aa922d4b247004f2b9b2b63da9071197091dae202b9636c31dac4dfb91b10863e391ba24aed9b6cf33dd64c01ec186fd8b0444cd1874bab57081afcb3c4cefd42320a86f585b6bff50f050d52f68497940ef1f15cd64d70385b91f92030346f3bce0db9c85afa7821f16293b27444a362f60888d4db2567d9511b36fc0127cffba1557f45dc104ed57a273c21721d0a833f44bdca2dd37b4a37664a820bc4f866bf086e6ea94f8da76f15d617b8e592b44f1b231de5269ea7befddc12d15b91c4adaba2f0814ae77379f92c5b6af1fd6812479a9e270e2b98f400e58777b951b69ba9db606f7e5cefa25712a5d9f88308b2b146c6e9cd123badc4c824ee61f82f3483ea80e22ada4bb6e3b411d45b45a7724d72cd0545f63665add732c392a343ba276070ee48e200bc2803f64011a2cad113e5174a9f3846852e96ebee6985a4739ad48e7dacdc4dee735501e9aa4b18fb8d8faa55b5e33f427f75bdc4238067fb2f2abb71923cbbecdcefe8b60646e22e0ea86a4053c7cd20a58bedfc948a15b42d7680bcc3d2ba66fd2f1100e26dfe0ae11b63a5ad3ec8f3fcd42e925072be0eecd1b9c0592371ee8c4efea5f6495e5a6ed6f7e67f256a41f4a77b2df42515f48ddcdee1e5ee46a15a168c17c5c7f3e4a6aac0d848d3c1296a4d1bf379b73b5d4324121be269e088d7d6f51fd44db4404113da73f9a300ca88a32f001ceeb4ea3fe5ab4af7c94139779ce02e50154a73225ee6e6545231a2e98cb850c49d581afa2fd779c86484b7ec2c0799404b3ff6088442f7b8840b5a96b465bf35bf6c86e1a565960db7f8d6ec4345ddda066b9cec229b0eeb799bdbe7e0b2a7b84b54f3ab58ec20f3cb3b782a12d4cc2dcf54ee389ce6dfd145aa1d25a82da0773240f82f3d47237e284468123aca10ed354b389e1ad9e2385c491cf357b8abdaf66a50847d24dbd84a4f36e4fe6a22edd732c94cd2f7a8228739bcd2dc6dba69689d3352f92b80d145ab524f2bdd95d36868374decae10f57ecdfe433ff8d9f00a4ad65e9de398728b6530b0b4d3bb8b717cee3d16b913acdb7fa879f04c4713e632f442d232ce24a15aab33f154f72f3e74a83dd5a2ce21a01bebdcaa32ed954f33038b031c48b66508da737fb9eb6f35a1cb47353445dece21c8d8f8a263a16906cd767fd412d61fe85670e3e2e5ce18b1e4db11cd3163e2865f6ac5bc87e4aa15b3de5c0d69de232f0d52cd8024a8fb4cc69c2def50c9237097891c5ba61fd15974aa22d75f0e1614f435f6cce2ef0510382a9e18cc9719ad35adb35544af713908e0bd2308528554a72e06c82c05441b1c36ed2eadf74288f9d5341ded50b24ccbfddf9fe4a915e966b9c9005a10188ad92ebab28143e3a4cf99e4b67a46fd837c160f237f8d2321738a9e4eae36ef66b9cec421a91260385df69265f85a7bf8704a5b0889ac88676d4f327324f3d5598b235edf35f7ae75f22922663d317bbe8cd6df5773e4179bfae91a7fb21256487680ba7ff4916407c073b58e0aa0f8a463aed3ef56ba6d4f5cec599cfc91f53541c2f754a2486a64b6a516eab7a20f409aa2b87d5a342e323d1d05392ac2d129a85a337041d5d58b16b733dde0541bd07b15cf347113af54df92b04dd83fea565a82c83ece3ee2ebfbd39a673b08f12ad1676372404b235d9373563538e1c65fc005e60db15dfe35c2d7cca38c1b679555d235d6eacdf99b243f4a9dcfcee071b2739cb23a281cd06e2fcc8f8a6ad31fde17ee548af17cc5decb40e763f05d18ee7b6e7df83410a828fab99b190e36b93879f75caa24723ccd7e37201bf24b6a8f9533498ee40bf30b989b21612db6bc427148439e5d72d68be9904e18e631998cca48cfb64c4796b73f92d038a28cf5ee02d4048bd13206b283028211d529dbae43cd403f601ed141ba4b15622496a1dece5de93bafc732a8b445ab9b2030647038e7c39a7f1d200dbbb759cf9f804c2c9aab6941190d61c38cb4027575cdad6e0b69a261eaadc9717c8eaf8c4cd261161a94a262d68c5abae02c4ed423a27174cebeb9fc571b4e9de240f1a7157035f299a0ab1f5092364dd209a3eb636bb3b34bbde42ce5e6849ec7c5523a76caa3776723e2516dd8d1f3f7a59b13b76345c7e2517f5651819b7de5541904945438bf957b71bbbf34ae4828ee6ed2cfc24fcd522b4ed9f11c9937a82871b126bff35a53d9b82c6c2a8fbed2a5fa9aa3bbd558f86906cb2dcc869b7f526cd6bda720cf556119691cdb3e4f45cc3042c3704dd08db56c1a8bc1639d9cae4ed334c0a9b4cffb4923d73040f1172beb9cf6e83b39aa2c73eb632ded5c9e0a186190defba3b92909b693da1961a2f1b6dd73c3aff7ef9e4b6b9da52be9459181d663e3de142da97e66e77b4baa654824693727316d51124ce69b8b1ff6fc145236bdd8b3637c72f92b85316db893971568a9ed69ac0d8f1b7bf349db87e8edc22eecee7cca534c29c19677d467653482307b67c33f923e925cd8eceb1cfd537ad859ba315cdf8dd50e345d9f059b7e764e25ca33e499199ee776885c392efb23aea87143b8e79046a4ed83ef7bd4a5e069977947c5924b3e796a93b89485832d2a3b202d2b61253b8a932cbd512dfa59a260d438fbbcf82c5b6b7485ce3822df77de1d86fc9235ae1f98a8d035efad87138bdc6567959c340bddb4a379fdcb86ece6174fdbf5492485c6339e685b90eca01a1ef7eb723f4f72b53f1399bc323c14028b2b1f1c9dc99475773aaa3d87f4a0ff008c65bff0b7fe4e5496c57e6a8265197700ac50bde9071db5efb21dfa1e2a8450e624ef88954a56a4a542ef8e6ac819d6bedaa9fae96da94c30339d2db8a04f59cca30246b9fde8b6bde94a6d1d169897bc5f8077a596bb2714c0aa91c16a8327dd6dbc6ffdd453b5e233ccf1f152981294420f0bf32aee5fba9b09673b4bf967cd79976c53b1d1b41e791f24e73eb3e6d1d1b1a4b5d77f8deff92229e3c4c0e7380d770e1cbbc1f7a84256d2b002496e7e084348d3d975cf2b2841e43b39b877f5455406c6cb8cce8ac6cd3ad6ba575ec70dec077eab9decfab0f0e1a6b8500ad2a74b2107ad386f970e28789983368c5de9ccbd3564f71776069ef458a567597c45c50b5b4e8328873c97354eddb26421ef4ea945265e6bbcc68baa275526e8d33ef5400324c39e229448fba1341e151e040b447d4f252329ddc41f05027dd531a3ed091fd23e6a93b536ec51b337003d9683bc75e086a460753b42a26b876e467d91da3cae9586802c345c0d69d4cc683d1682fb45a7ee873bd345ebbeb5bd65ae7780f8940dd040a561f68944369b35472a75b4ce63c39b722f9f9f14e0b8fb0493e497aa94b2a28eadece25beff2556751b6d885ee3820ceba5e75d667b722c555c7b0d1f1c924642513744edb04436449118b6a9b65117856b418971842a44ae632c92ba0694402ff00a336ea4ea9505308dabf752d4c40ee635297b82a0ad3d1da9b57b4707b1cdf78b7c17a3daacb56259dccab67dc75c1be8d36ddb9efb5bcd54ab2b24fa6322b6e3fdabf7d833f17e68efc2f57f1a557d24d0e16bc6ad0469c49c8f7a50ceb8371613dcb9f9d387e3dfea9f54fbc679f10bcff00b60b700be98b8f815db6fd3239053e21660bfe2ef56073e370b1670cedc14213471535b76470e77b2630b5d98648d7aa28da363adbd9954cda95400b7ddfddbc558d54a38610c2e393cdf23dfdc96be77871cc8b70fc82534087750e177b9849e6a38a50cb869b83a647e2ac8fe8c6c4e91a710161c4e5f150ec886ef391cfbd5a56bb805b4e492d4f6edc93d9dfd112c3c572eb01cecbbecc5133ee12773eea051862e70a49ce30e4a1c2e3dca0564a4a0761c5a306af3f971424b5f0b3b39ff51f9724f21806d1e9012e2221889f6c9d3c9669d5ef9738e271e27df61c179cde9d5ce5f38ae70ac3d6d6c7d0f86f3caffbb1fc4af424addcbf2b269b16484e49a31cace2bad9c06db89d7f250ec9cdb7b5af7cbe6b95e4bf8cbbbf8d3e36370f7accf6ed108ea010ebe366222dd9ccf7e6b9fe2fae3f8efebca1b6f6b7575ae058eb6eef0f0e565c47b4695fedaefbd474d4b98465f25c98b2493cbf066a406ca29cba450f5f928b70ca85d492a22c89f52ee496baad5ad10ac37529ac0849ebb352db668192a61b6a9cb2da7da582aa37347b6d5ee0d73e6a1714bdab017c0f68d48f78cc1f72c55b0998c32b9c5b2433372be58ae2c5c15e99f4f5c3a5a9aa0d6be32c91bba6c6ed701ed699782bc3e858d8032d7fdeabcdbc7ff7ac136a516f1c273fde4bcb1d2367d95ffac6be057a1f1d7a3cebac81b4ee76f0b61b777c570375bda3c56b40985988ef5b17cfb958e075437504df4b5822257274a432e41cbc16415737592587b39950fcb892211820e6723ebc15670b8bb178f1d3c92c021f046e6ee975ee86e0778b40b6764d43195f86e03b1e5a9056a1b2e260ff006850556fe3e0aaf8b7c94643fa352bb2cd23924baefb000c2a1b2a352e15f2d9a5a266d31274bf7264e746c17766e1a0e48c9acb76f7481acde7125d6dd60e3cadc960d575d513e6edc6fdc1f32b97bd36e725b6b05f485c9eba6e428dca91e84e8547f6150eef68f400ad9a3b96fefd519c651846ba6c0c3c528e33d9947d63eeec80cff45b67d5d039973baee6bcf5faf3fbbfac03a43d389691bd4d3d23e679c9bbe00ef24e03603359450bab249649ea9c3ae9034616766363748c73cee5c7bd75311b7c53fac7e79b1543c8fbcecd29716e1cc5fc974abaaae4d1c3ae10d55291cf07291cb2084b6aea30e4fbf885c1da155f79be8ac24eeda3518b81528da5583feddfd7f2540f649f5a543bd9b7fabf45db36a545fb20ff00a8fe4895d1e2aa67721e68d6d3b9dabbd141a675033405c49ef5756ec4a564577ddee239a827306cca78622e2d1777359935c1d238dbc0269549eb2e065adc5bd57bee81c4d3464ea58df8269797352163f252e196468d64189be3c3de02a5e9e81e8e6d674f0b5dd92096bff10c8b4f22b44a99db889ee5e56cfd790637b4ddf6be23f6179c76d59d8c5ac637664e61c331e5faaecf8db31fd6551ec88c3ee3071ee5c494e00378f11cf30ef80b2ec3a0adbd91759d59cb167677c8ab651d186839647bf92a0709f6accc68b5ee19fbb2a0ecb9f7c91c6f7f540d71cc904b8ee1b6cf24c1ae6b31e2c19dafee538581a82c7332664de2c53d1b467af04008967c0e91a1a6fae25a6d1c1617e6989a1323ecc279e49144ccd3d9dfd07776c9e68770cd76890f8542eb019f144a75d5b8f7268d637072f9a20145457b1ac36c9a3527e4bcf1b53a498cba381a7917badffadaeb0ef5c1e23398e0c26e779e7571441767e2b82edc7386ea3c09427575f990b9c6c9a07a73a214c5947203aba5ff00ea16871bf73c324671b464d97c85ce965b7ec2c9b5e9b0d0c600b27ce9f130b6fe0bcd4af2ef3eedaa171ab121cf87b952eb4e08243ca37fb85d7a0f15fc77fc5fe5e57a473b0fafc4a9e49335a9d18a6d44e92624a40e24f34752d3be4998cb6af00f85f3471934f64d06caa089830c6d079a1abe9e9c9f15d4f5628c1b6d746b08eb62234de69f92c6716f907d165d4362cb039b6d15be1c36bdfc9647457fd934973d61f20ad6e845c972b69657b72b49160a9f1438724e63a578ef5f037ffd83e057b829a4b40cf3f8d919797d966b859e6d4848c338d62d7f0f154d15b3747047d6485b963c0e3e245be415bb6a33034f702579ddff00a78ed7d569fb2ded85ae70ed0f8af1fed932f5dd5583582479f1b5f55b3c66e1557e23191717548fa0ca25eb1b65db6fa3ea2ae2702c906175b5f9a0765b9ec8dd8aee6df74fcbe0ac715a92a62eb05ce42e4f7e997ef9a2657c0e75fab7dbbad9f7ea804aec86a1afcf16104daca19db0be4cb162fea0395d3996ba64f2b7202d63c9331307b8ef8272b8cd01d91f0c0ceb8e0f0fd42d63159a847a26a978c82e634f677f401cd087b64bb84a30d73bb23cd190d27fabf1220b974f1e76de3fbcd62bb6ba4d0c5bb9c9267badf9e6b3eb40e30aa89aae77e291e701ff00b61c6de9a2970b46992f395d8ce5c9721fc525a1d6250a88754d48e71b9d15b8b191b780b734d26d6e1d1770751e2d4191df00aeec0db96f1bdd1b7c29ad9baa88dcf337fba07e775a36cea7c2de78acb8be6ae6f91a0b376279eec923a3a8cc71d5715c50db7583e8ce7722d3ea40582ed8737e8729ff00f5bbde17a1f14fc767c3fd795c9681e8ab93ccb5ba8af1cd37a6d9cf79ee4025d62d92e0dc80ee4e29a9c46e6f17022e7deb467e93a690f9a570ed58772fd66df324f25de71e1019ce2cf812b2ee915334b98630d1c09b0cfc563d432551258a566adf36ab46cd9e3738027d5719d76c3f4c631960ab33ed1bf128da7aaef518df74b2a9a5997109cc748363c77ae648fd1af0bdb306707aff00c8ab06503e2293d4c4e742f6fde0e1dd98cae3928d4c928b6f5451d446f93108f28a4b1d4076ec8dbdb2d43b4d17b3b6c06c95b144c7b1ed977aed3a345ae0ae56f3faf2de48336c44e6e2c2747643e4bf9f9d247b1ac0fc4f0eeb9c0e5adf16633cc2af1030a3f55547da8dc32e27f240b9cd69b4d881e059d95d97520a8df4cf75b324712df995fabe4635a39335f3d1322945d9f4f1bae5c6c4f0feeba7cafeb0b5a4b6dcd26c697e87ac901df69f3b211d49837ef9f7b8f826b17134954fb0ecdf8a06aa37b0077de1ece5c50b5342a1a66070b67657428d955591dbe79a322694c0bfa06eb78951b69dc75f45dd63350d6345b41c9572bf68c71445cf218d1ccfeefe4ac2f326d3e9154caec105e361d5e4667c01d150994ec692eccbceae3c7bd79ed575f3916a2c2573db1d600a275d4817e8e1793966ad94db3da3376653c9ab0b8b437959671b5f6b53b6337cfd7e4ad523d63d1360fab21205b18c56f1b2b354bf0eff00239aa7499255b7e9553d538de26e72d8f31b8cf75f25e8ad8558d96998ebe76c2fee20661727cd3f1c6f2b6fa36c4e185d98b2f2aedbe944145b55d0bc3bab16cc0270dc037cb3e2b9b239795c2a36f504db3669bae63a221ad601a925c00dded5eeb10da6d2cd9f336e4da3b82795b3f82ea78e3b3e2cbc9ceab1e284b82b6ba879474ce7bf4bad829e95ad09670b735206cec6d41e3870fc16cc7d64dba93696470e44dd75f588ddbaef382af4d5cdc66d7e192a857554bd45ff00aae065df9a45119529648d19f0171e5a2127d9cccc8dd3cc2e171e8895f0d4f075fc6ca2eb266f68140a32a5da002b4ba78a419e68fa12b108603c8af52f47f3d9f17e13ff00329c5c5dacd496a24661d05d09cfe68749ab6a1b5f2c65ef7331687e016f9fc23dabff00e59f1bdc4e38acdb9274bdedcb50875f1e6f6fe956d78461bf8fc17f1dabab259aba76bcb9c239a40c3c80710058772c1e267f181607f5b805fb867e2ae6e6b0c78246e1b69bd7b7a15db6f8fd4d33991119bed7b1b7b8aa0ed499e6cd172ef6be485a728b0dda7138e7a3b2f804844c7acc9f90e24220f463216b9998173a6650f2118b086e9de8546cd866b5c616819b8e4bf4f52e78c21c5da7016ef08cc6b1b3d8ebdc0ddcacac78b5f0519d56731358c6f01e2880fe86f56d010724cc683c0f9aeeb030edabd2e88173611d73f983badf179cbc82c1e77d44d674ef3211a65858df06af3fbdba19cbf1c4b958dd274872f4aab445aef14de0a095c78d91c02f71d34718ef514f331adde4f218b57edb762c03327b2dcbde522fabacd0e95d77922ece199cb3192168f8fe8b6ce8b05346340d8dbf05155ccceadc06f712741e3736bab6aeab3b12947d1af82c5ce71c5c5fc038df4fe94cf63638ebded8ff0097230b88fb928232f304fa2c5e4f8c7b9f8f4cece71c59f9af3af4b76630ed0a8360ec5839698065e1aae6f89c7f17d60f1ec1a364ed90348c37386e70f8daf657da87892965ef639bea3f55da7a679fc6c56dbf7deba6ec46f14077178a78a18f2684619101a1e49c359776aa95149197127b47c7c8ae9f8dcaf20dfa33e5786c6dcf3b9f0d4a4b510e116c598bdd75f8e294c7571c9961cf815a143b003a9f13bb564b902a4bf66ba18db23331ed8bf1d2e9cc5be0659ae0d7a78b247b372cc21a76d3372c3892e0ca24d97472b371bf254a9f65cd19dd255041b6a24193c735eb4e8f3c7d021fc2eff995605b2673acab12e2e39ea9f02f286ded9ee3532616b1df8ac3d0aa46c074d43b4e9e67b446cc64388cf74db922d4fae2ea3fb03b72a636d0e3272c24dfcb22bf9278a564b2c8c0c787bdeed2c779d7bdf8ae778d9b1053667befbed6df80173eb641c1b3aa5b3e2dc78be64ebef5d66f35da33d9b6d2c0dfcb3540d9cc123dce7dc5c8e3f920a6e622a9389f60d18871b94b851bb1eacb141d53e7d0aa40271b0f2170a16c2f6db102dbdf4f9a31ac4ca07754ec377657b1b8506ce6305c60cefa5cfc6eac86d0d6e16e5c382f870f5449e29c5ab8cd0a3a26baf7540af6a6d8e90d2d3838dc0bf8305b178e1d7bd79fabfa4157511b9b6ea98e041b5f191cb1704ede979ca83146d6b6c05bf7c51975c874910695cc880c4175f831c7219a80ab8526cee2ed72c95bb4192d0491d5d731ace0e3fbd4ac17696d69a47384799e245f2ee68442e2bc69875389cc37e6d39e5c4f24447b49f78f16fc40b6e6d9e479a20bd33174e607ff002d8e386c37cfc8595b995fb3aa37e79adfd1d88fd353ea96dfd5f6bb6c53b1b7c6cb11c08e1cacb39d8bb6aa0ed266e88e1cf81cee40cc9d5274cda7bce8583e0b1fe92b3ffc93c7f433fe21723c6e0f8feb39968d9aaae56ee51ca46ad63c81cecd5de7a762bb2b6a75b0e630bc645bc7c559b78a49d9af8f7300b970548abdbb1b459999ba58baa554ed37bda55bb63e0706487516047815d3f1fd7276dbdd534ed8c960deb3865de160bb41c1e4e1e6bb5a7205ec7a4617e7c0e4bd12d3088ed7532263af3b8fcaf81ee691cc5f550c155037b20dd79ed7d7a7cff0e1d5dba91606906eb30d568ea5d1b958e3db4d393c050b7751b3a1923bb0dcf2165b4ec06e1a38dbc83bfe655ad659ce6ab9338fc53e12f30ede8ffc5df13c5da34d353ae4a9db6295ee82e1d7d6f64f72eff44d57f12b6bcdb31b42eeab00237eceeb08008b5f1e99f243c75b0f54ddc2e200197825672c7de04fb437eaa27b39bcfae49e6cca9c50dddda65ee7f344d8a8d731d23f05ed7bb8fefc927c5d57fe520777e8aab48c747477189c5a5dde3de9654bdb18c4c0c7f0be21eb9157c23d9d418e46371b708cecebdbe298cb4400177fa91e4aea64349572b5a4775b137b3e6acbb3695b6681ed1c44fc9413577b4e14bab5bf660273392d3b32b26ec670510d3ab6994c8f25f23b573910fbae4d74e06c375c80811163439ba2599d3d339eee3657c82898cfd5682aa69256b75bdaea915f5f13476ecdcf3f90e6985c8c730d44bbcfca3e06f6d503250b237db269d6e0a0389e5735d962f123bf9e68613869b5ce1e7927156353d834c1d37da02f1886fb6d6e1a85eb4a5e8eeca75f0bdfeefc917148e4e8ec600d5faf24beb69dc0642ce6b491e59abf503d59d1edaac929a3941d5831773ad9b7d551b6dcb8b6ac9dd1b3de02f3f8fac389faad3ddc152f6b37152ccd1ff89ff05d97a179318f68b381de1c7f3467d6eff6413e0965c0d2b6a64ed9b0ee53336483cd2cd5822d84cef5dcb108726f72d58fa46be1853ed4780465c7355a9648fd9cef7bf9aeed70d75a499ad6e48e15d9971e1ef55d170828ab5ae9e569f6b3f8a3ea681d6bb735c2dfd76b04eda692e9f454b25b359da55f9f663f168548dd9710ed3bd48440046ba26bf053efc84e124f61bcce5afaaf436cb6b990b5b7c66c77b9e64a3574f27392ae4bd93e68c358ced1603377582afbe999848d2eb4390cb22e8b31b518dcebc7cb2f8faab93eae961185a2faeeb3e6acb90bf055ceedebc717fec88958c89bd5b465625c4f2e696d2a4d3d4873a470b17e801e4392823a9aac76ea87faafea151bc2a9f66c9d66ee7f892f73a30ec0e8f3eeba63969ea217e3c21a5b806413ca3a6639a19276bd9cff00e5750ffe9d7d1591c6fc3c5a7de139d9d0bb1b0726fcd0b4e9a5b9b964abd5c6ee035464878997f24c99d844869889e0bf10b8ceb2376886c4a94fc390d4ab4d3ecd75eef4e805bb0dbb29655d6c6c6ef66797ef45a59eb17dabd23d5ad17716f0b9b77f8aa6d3c7d63b1b9c4f8b4fe685b72b14d5b39766d3d5e849b7c125a380f5dd8d7167e27928ae1cf5f1b21c2f85a4389dee26c72c952eb678643d9c186d60cf8946cb22c9b33ac12b5cdb341b0e3c3895ea8d835bd630b2fbd9e2cfde999a0adee929dd1c64975c64b3994c86a8701cd74344c549acada2a97d4528eb44b7c70bb4d6f8811e1ef57ba1aaaa943e7a818669482e60f603459ad078e4179e93f5ba64c5cf6aa7ed16b850ceee713c799160b4343cd34fb11b6bb8df45721142c6d8046b761d1f24e58e6a59821c72b92a8f23048f247804cc93a67d52f9319691620afac64c05b013e6ba56b8d0432bc3640c7de371fdd939ad8277e86d6d08cef9710916b4f14a860ad8ea58f91f8816bb2b721e2b6dd9d5a6d65974d1e35a7af4b6499f7486f7e6d5b8c65bc5671f416603dfa94c2342b0b5adb0ee5ba6c7909899e07e253694b354382accda2132b1fda6c6b9cf0790595c669483761bf0cce69ee654b252d3b5b70d72714c270373039a7caca8a5a58e761de1fb0b23da957da3c643845f41c0aa3240d06cd688aeedeb8c9c3f240fd2a6171adb426fe881b5d3aa5d25811669c8f75f8aaa4940d6df7cbacfb0006bae69cc8bc455d1b61b105c461b5b5cb9af85b1ca4bfabc44f3c87e881a38571cb219daccb0822e06992d7367768bb87056cba59f03adcd551e0ba52ae80560c251f8774f7abca19a88f72e53b484ea898299ef392642577868a36779e69c63cbbbf7e8b410ceb6a57802cd397de1f259cc78e518ee434bb33c5dc3c8210f1f2a366b5f7eacd834676f8aa2415af89e6c4c84386bf24c4ba588d4cce63f1c6fbdef60a842998e27197375b8b77e8881d6834b574cc88644db2b9cc9eec295326864796863813d975921a7343b7e965dd49cc03a9e17f8f82df3a3fb3e48c3436fadcf377e88a0f55ece84ba466f5ac2d840f89e6ab3b458c6ba36b7871e6bad7e39f92173dd751972e43b482dba4f90f5552e91d73638e1872fb47171f01fa82854cebe92cbf34aa7da6c67b37421071ed888eadb2b0c75d0f05432faf9aecc238fc922b618dcce24137f0cc26b3e882a2adf2da4f6f204f871b7cd4ed7d416e8d3df75b1cb9423f6607c81d23b116f0b2b3f0f87a2a1a93b2e9e6fa7b9d2662c6d99b66792d0277005657432229ebb357264cd735656956a7616baeb9eba329c07e7c0db5c1bad376493b83935dff229e158ea1c904ce540ac9f68385ddde179f4b9a1d86e6eec87e6b439541d3525ea1c2595cd0dd07def1cd6a1b3a18c5c456efc47e4a812195597363c38ae5fdda2c627607c877f0e0b01e210d6bcd339ea5ae2d63998dc19ab0e5c46639a50cc9c6d607bff0024b493bd1bf58cb10c2e02439d9ce6e9f9a326af718dbf64dbe5c4f2f04c07a9531b23dcdc8375f2bf0bf256a798594ee6b8b6fcc1efe4a97fd09b1d90e65e3980e079adc29e2608b7493e288aa90bb539aa36674e2a5434ea9d6e7647e2f7a24317fbd719ae5baf5668766bad7764aded606b6c05bc2c9f19014d23476f25976d8db8e6c7971c87e65196cbe5a5ad71ebc3c3ad6dc17f520e498b1b149bd888c7da01de57b2a6afa2e7653c6d76173b060decee4f3e2b249e4a40c223c772ebe23f24e73f585d681958fa7244a7165dabd90b53b3e50d2e76f3c8f67de4842a3ea3adb31ad74218db0dec2dbe9a928f76278fb31dad5c3bbee819fe24a6c8ba5252c71b985e2cdcb2d711bf69c568306d810191cdb1bf13c3b9481ada5db4e88d1ee4ac24e1c9a733e293c75cc90bad7dccb35be95123d4cd692b0bac363bba56c6385c93eabce5d23ada59b68b866e11b5b10fc5725c477676f245192aa6ed9df75ee08f862959a86c9e1fd92cc82dce864c8c76f16855f93664a3361f2cd00c3b2a9ec76fdff7e298cb3df03867a0f5c9342cce773d9504e57048b1d1c3c39e693babdf8715dcd6ded7693f2e0b5b99c7d86bb70d9d8f9ef1f75d1f45b46605d775dbc2fc3d55a48bfd0f5c612f73ae0bb76d745b69667bb5f8ac2e864e59b3e61c9306c8e6373d551eaf5556dcdb52b8a5a29a43f34015cdd4dd4c24defa0564d8731c2e69cdc3e69ea5be67a49239113592edd0701b72fdd962c1d03e50dbc913b85c0cf2e0568736ae94bb2a569deb4878175b2f3d4ab60a289a3116807896dfd145a81b4aa727b85cdac1be76fd5673043f79a6f7be2fcd2da733f0efae0e89cfc26edcb1b6ccf76a4e6a9c5db871171793ae7ef4deb26bf8b91645b9beebd8e44647c095547cd93aee24b6fbb99b79aa175646c2f961b6e8c9a496dfc73ef403aa64193037cc6796b7f7a16acaff00b35acbb32cdd6272ef5b439a6dfd946323ac7b7ab55c8dd61903e2a510c635f7d72470fe60e47f2448b1c14cf2799573a6a2c39bb32b9b1d0b4f317a2a7566d68db600dc9bad25316aeac926bef1eee7e6a93332b2022ef367707dcfc508e68ea9b6a48e80c78007b9a6ce195f3cf3f0547653c773bed06c7275f34791ff0016bd96ca72d731e0bad7de27ddde97d56cc9315e202dc3111ee051719ed3fa30f6b49964ddcb75a3e3643576d587061639e0e7a657ee483a524d9b048e96efeb5cd1ecef1bf79e0b6da4aca58d989dbae37d586cdf0b0566d38a6da3d7cdd5c585da5efcb9e6b6aa7d954cd658c71bafadda0aa0474dd97420dc451b4ff4b1a3e08b6b18d1ba38e7f9a7d352f56e475ac2fc3f79203959db356e8366cb2e62492cd681addc40cadc866bcc2f81a18306f3b3373cf89279a3647e6cd56c17232f11f9ab8d3d583e3c920f388f15b3cb5489db42eeb373f23f3414c1f6c6ddf665cec1532aa92461386fd5fefe68a06aad530c2f91b8b0e2b03722f7eeb1554616994c663391d308b67c48d16d70349aa28236b7002d888be7967e3cd55e732b3da63fbf9f72ae99eaf536cb89a29e0b8ffb4c3e65b756cf2595d9c9655d6c31b0dce7c166ef74d33b2be15067d0d1323177d80f8ab0b1d23fb20b5812d014f2e37003b2d76bcc8c919b3f1b6b3fa5f71e6d0b4c646813b92173bd5592cef6cd546cb62cefcbc792adb2b299ce38e3371a1c09ec1afa7b156404ebf10b9da13618b237c46d6f5516c5eab7ea191dceef2bf1cfe6acf2d3451f6daf7e57bdfe2b33a37f8a7e0c44868c235b73eecd1316cfac9237111e1cc7dde1e69d19ed07f42aa6c7791b669bd81def316bd90cd630dac308e26df1e2817ecb252d33c1c59106f930d9de36093c9044e943598f1dc6ebafe77bf75d5b448d7a8a23d6eb60d03257bc37726b02a1b54db08079dd238bb4754b30f631bcbe0ed276415ba323631b90b150cd346d697125646965557b664b39a1c2fec8d3d4916591bdb512bf13a56370e96c3978e59a874841d4d4633becb9e45bf2473db2b9bbee2fb1f6bc340a83ea0676cb161c396b845afef0a38a1c4e2e9586e41bee9e032b5930ad5fe3f432b0b08385a33e07137bedc57c9a663a3ca4c4ff0060b721df70985412d63a28c92f3de33def25cc11ba568ea585cfbe6cb0bf88c592435f78b3966d763edd6160c80be0f436087a79b683aa7ab07ad7e630160b1e24827219669637a8b636cd108de0deb5dad80cb4ddb8cb25a7c8e1654686c9058b7884cab110349246bc536818e79047f2c5eddf6d4dfbac4a8279db6e6d96cb553b9af061a6c2d87fae47583dde40b867c933d91b0229610e7388bf01f9a1dfe38dad2d4fe86c7a36536e46eaa12746368477c2d64bc8e268f712b07bae6c6c1b276a487098f0f9b3e37524bb29d1377a222dc7f508bddd09b2f0d01bda3e0abbb41921a495cdc58180979034f13c96ac9f58b54752fc0f209b611885f2b1d72f15dc948e3bcca9658eb7bf90395d3d829c3362decec6c7789e5e6ac2ed98fc3d88c8fc3efbdd0a34f647b8c032dd16f203255baead989eae3cde7c3e681bd536d3331e2a8933fba2e7e0acbf5bd333f96d27d7e6a08553bb1bf14bfe8163e7971e08a756b083bf76f75ff242b01f4b61c9a0f3b274d92d4cdfbed7dcf75cd8fb96acb1ad7553b6ddeed3d3559fd46d2dd22369964cec07641b644b8e5e4a0158a6a3924dfa865e4f1d3b85b24e1b0d3349b65e2531887c74b4ae38b74e5dfeaa8fb42a9a1a5c0697c1fd908a4fd66146dc52622d7924f0f9ab3d453d43c6eb6dc0ef5ca4ba54a1d4f50d37ec69c47af72299b4c359fcc173adbe7928cfb1df4aab79259678d066df8247216e86f8bdabb72ef4c37316fa7930331ee965ad76daff009aaf52b9d2d5190389001ceddd6405f3f1b36cc77d97339e6ac96165a18d9acfbd213debe443de914e1e3f353c1aa76496f98d845b102a1745196f0cbbd626c2876cd84fb21259f6153916315c0e19fc90f44ab3ba2d438ae2320fe277e6abf57d188cc76692d37e65596a27fd395cc76eb89b697fc8a93aadacc71bb318cb80f3e09812f9dae7c8dbc0f65882e384feca82bdb4e6c585b903906dbdca9ae43a6d189616ba27b496e4f048e3dc7cd731eccda50d9d1666fab73d79a83a82a45739cd6e070792ec85cb9c7981ff002b2f52ec4d990c31371672db7dc7bf87a2805c9d1b6f904d2cdc2ac6f85a96988defc42bab1d36ec797b5603e6b3fdb5b55858ca185e1923dbbeeb8bc6cd4dc702f1d9f150158ed3ec2fb710443106dc9fe9b8b973cf0cb3cfb97a169a3640c0d6e6d16b9fbd7e0dbea93a8e058d2e96663e3d0b4f785f241bba67e4b83617ea4ae90b7304a75d646f841be206d7bf820f5570be2a4a46ff00db61f1e2aa7d27d9548ed9f33a00639030bb0071c12611d9c24f1f92d78d15355e167ed7aa0cb18ac0eb90c9194d574c2e7a8274cf3cfd5779db823151e2b39af8f5b76b8eaacf4e61c070cceb0e1f2cd5271768769d3b9cd0d918ee160e6df219e5aaf9f4695f306c4c2e73ae4dafcb4ee59b5a6eba3983616d03ff0061a33d5d7f8a6157d11da0d65d818ec5a8e5e0b3fbb15f228668eb71b45a40e1936ec3e9a66aed4fd14ab2dde70673197eeeaf5b375ae2ccde89421b7eb5c5c00547acd9b50d2458b8731fa299db2cd2a9b662addc02fd580dbd867eba84a5923d8cb462c5b9e1e27d755d0c886c75b53625cc7b073c397aa39a58e6da4603cc8fd119dc30ae6b23a7dc006236f559c35c1f558716e44cd0f90b78ab4ca19e8039df664b43b437cbc9579f27d1dc586525e7468b1f53c2eae33eaa1a7ac99dbae6178be787ee9d473baaecfb337eed8de187c72f1ba6107d1564119dc89d872decfd533a8aac520ea985dcc9191f0547e7481d4b8dae7358f8ce77049c279dae9d6c881cd89b84d9ef272f025676abf2b698a3706676ba1a5759a9ec8cf33bf9a363b241a3adaa9a27356885b5e8eaf673bda919f887e899320a73d99987c5c3deb92e97a980a793816bbf09087eae7fbaebf815658073ea316f34ff00b4a85e39808821b7116d6b2da1448e9d030f8f0d157e5d994e5f72d17f2460241d1fa604d9b86fc45c2543a34c0e244b2e7fd5f2446addb3a9a6654465c7135b8ac48decc11995a78635d7f13fdee8cc46d8661d9f7a7d142ff6ac0a2105a8c85f181dee23e2550a7db9b2e36de4a987f0b1ed73dde00210b0eda5d3e9cbb0d2c5cda1ef0775bc2da67a247b27643aa1fd64a4c519b992a1d66f3c9ae39137cb256c95eadd8ff57c749d5c5f68ce373befcf579fbbe5c968f6a3946fc63ab66673e5c07e49b0a547684b4f7bd375ad1c4fb1e19843d2d6dc66e19f359ab67a80af9f71af6bd9233933e045d77b22a62eadce25da105b6efd52fd7f09f53ceb9d803b9f15f9ee0e6d8e875f3c8ae07f5e7bf5e1ae906cf969f6a39806266eb98e7df89d32b0cacaab3b9bd67dab98d2ec835b95bbf35e963bf0ce9aae766ec71e2fea2c738e5c9c32b14c3eb5ace310691c73098d7ecbcf44e819356f5ee85b68ee710d0b88235e2bd7f4f1b1aeb80012b81b70f7afd5aa17a0a7ac775dc3abb0d6daf12164c67acd23b93339e7c8a8ede2916921ded5546490c8d7b71064919233393bcb5baef7863565977d3e8df8a3eba31202418dee01de449cd53aab65c762e2ec2c1fd4df8ad9ebc699151638df71cd923f1efd39157aa3ac792713731e9e89ad2a2ed2af687bdd9bb0f66f9e7dd6f359bc15c64b31f90b9389a0dee7813c931b726d26ca390eb491dde3cd3676c7a7c21af75aded9b5ca261b967f37530b832290976337778f8279b3c4f518d865df6f62ded73bf3e0b47191c7d58e7645a5a5b7c423bffec0df92360da65adeacc46cd19000f0caeb39f9c9bcf235d0eb6c645da46fb79d87256cd954edeb2c330c1607c929a35fc6884fbec34559ad781a2750a9ad1979944b343cd653c696e5e88b8635ae328f237574c65ff55e75dee9ab185ba13e44ae995730be17bafe2acb3666d9ad68ce5bfe268470dbf358628637f7663cce48faae2776d865b7a99be0d7ff00fd12afade8fda8e5678383bf24dea706453ecd932133987fadbf3bab14343111bb346ef14c64f531fabab19a59c12691b383d8f722eaddb647683529eecf7e1b8b7926411dcd346c85d23ce16460b89f0eee2b281d2ba897f914f899ff009257e1f46807e29c9d6795bb22aaa24c5533992dec37759eed744bdbd17a463aed636fcffba8cce6a7a3713cf16fef95d7d9ba39348c6b0ce7ab6e8db1c3e36baa4e346d97473c0d2dc61c1c2c4f1f2573a499d8cc7d5ee76b1177c94e9b23f6d4da8cc223cd807ef30b2aa89dbd6626e3c384e1cf5e694d1d3d9f6b52474d7c41c7eeb47bcaaaec2dacd7095c7da0eb34b88e3ae89d0ba8a8ba6fd539d1b8638efa5f36f7836cd6c145b628266831cecb9f65d93bc172b5971ee541e94fd1fa8bb9e3130e439e7a5d79ff0068ecc7d838c78db2661cdb5c7715b315ab33f11d3ed2ae8198732d36b6438232374b354b18c6e6fb768e97d49c93b54db1ec6d9f48d8606c607640bdad99e27d55a5b215e7b57f5e7a97ed1dacc8596bfda386e8f1d0afbb161eb2c0beef75c971d1bdc5773c51d0c1ed1d48702dc61f84901ff7adc915d615c9f2679592fd72d37e1c5790f6e56c1f4c99b8c36f20b1be96016af09d88a055d2472459d9fad9e06f8b77aafecca8c208c2641a0c4ff91baea3b720d9f6842d7efc0597d37b23de000984db4a95f93bac8f81737e6101fc53ea58f692d0ec5c7f678ab05052d5b5b8f0eeb8677f54c1d5be6609a94bc61639b6d09e76e4aaf1d3573ac242d0399cf2e76f051cc7eadd931610e2f6e5ad9a478e7748a92ae38e4bb187b8877e88fad589d5ba1db38c902321e7883daf14c64a79248f5105b8daef2822b5f8ad52c2cfa70bbcc96be76e416d5b29830b8b46a4e489974b53b3d782ce768bb7fcbe68d217069b7985d46dcfccaced03e4e1dc07bd34a65af2c66223e68ac4179e7641bdd9f72914105cdc72f55d8c8587fbb9a11a16e635cf89506f5ed9ab833106d928ac3903e483a8fd81add310f072710ed3aa6e92badc9103d5696748671dac0eeeb7cd38d95b43ad9bb0d6610745a3355c7edb6d8faa05f7c21d9dbcec55304b417b75aecf3cdbfaad6cc78da185d7c33b3c34f9a9beabade05a7cc2bf65710ba9aadbab4afad7bf8856a7cfa436e8b12c76d0def7b84227cdd24df5238ae9d0b1d86fec82079aa093ba821b761b97141c9434e7fed83dca75443f50d2916c08293a35467d9b1e68c3ec56fe8c43a758eb2ee9760cd0b8f5736269f65c3f554208ea0ae1a39a6d7d5bfaa710d655c72b1c61c44586e902fee425b446edea5b125b235edd5b6f9aa7d674be62d73218bab7bb491c41b77dadf358265cb9e363923abce273e7bdf5cb5f7e49d47b34f5181b55d59b971001deb8e775d7f6743d4e6899550d33c452065fb42ded70239714f474faae1686cb08a91603107e03e963fb297a9d66b91dff005fb2661632031388d5c71f96402c2e7d8914926a439d9f67f549ce558c238fa9a696d72f781e59f30ba8fa97bf13b0338829eeac861f59c38aeebc846ed872b6a12f9367b480fa7230db47bb78ad31cfb1f8b1bd5032383cdfb03d9ef55e74cf739cd6bc860be5f0c90c68d7c861036463c06939b0d9c465ced6e69a4924a600e0f176defbbdf9e69bc64f62c8a479933631c41be22785bfbae678216efc966e33ba01f78f7236b95638b6ad431f8228fcc0be9a1f7af9f59d7bdd6b0073f72ccd528aa57543a37c8fcc9701a77ad8f66c4d11345adaa373f5f4f4c6fc26de4b30aac5d61beb924e971f2e6cbb6337928d72eed9f129fd30cd6ecb31a39f97794bce22579d765164029faacb905148657dff000f721f5f0504fd82e119ece8a283b745de256244d6b948e7594185373dcadbb22adb1545dd7cc5b252539a56d56324a492d7ec9234e4bcc91bdea6893212b865aa28cbdda2ca6086ed17b5d93de3c0ab1c3b7ab9adfe6f1d085a3d91628fa4539b62631d7d724c9db7e9bda87fdb64cf62b821b5fb31c4ee4cdcb90fcd04dfa0b9c7ed48b5b509b345dc8ffa0427b33479f327f2457d53576dd7b1de053ba4dca1343b407b374361a969cd872d5453b73b3ec9429959a5f9f04650601bf7ae988a6186f967de980e02fa33716a8ffa182510cb24a2889cdac36ee4b65d9d4e72c37e56ba1015c9b059de3cca4b2ec490ff00ddf240320a8e8fd516102423f7e093d2f4567c772ec56e0495425a59b32b03b28a2dd239ff00c9015140e321c74fcf3614d5755b9b66b0b6fd4bbd40f25599b516639b86f95af7e7a26b474131d0472622d79e61cd03d2ca3821a57caeeb1d606e4000dc5ce84a63270db1d1e2c3776e8cb17c50751082e23aec40ebcaddda140566237d1e0b18f3d2f7196b97345f56d901e25ba83ffd539a2655ca096781f78f161be62c559beb36c85f6bb5fc2e3d50d2a67f8d0e8236ba4631c7400f1d6d75afb99c8a5337f555ab970c7fbf72a539ee399d724bd1f123ad6f24440dcfc2eb3c1226b7789f1566a50ba8539c4852ef5e1fa2f38eaa5cb53aa873e254350bdc8811eee6a05285c9bf7db92b006c4ef2fde8a4b2a13a7eea0dade2846f8f28b616d9269b073def2ced1b71cce6aa3d53780c900ddb62cbbd4786e96a0ef6b510d1bc3e0512cc038f9a9b070e6ad42b7ef85a74d57388e6071542498afe03f792edb23b46b88f329dd0531fa7cc3212cbe4e28d1b5aadb61d73cf89bfc51fb17c388fa472e2cdb1bfc5a3e29a336f41edc119ef164f9a2b8386d3d9ce19c2f16e587f351f5f40f39191bdc40f914ef62bd52f51496ca61e775d37663fd8999fef4457a8bfaaeab0df75f6e21de8819e9aac1ec144be21c6f1da69f4433aa23fbae4e29346e8dda5fcd7458dcc950095adcb52a7b3535403ab0e16b33d021be8b15fb0cff685503c05f56d39d59ee08676c8a3bff2dbe8d446740bb615216dbab671ccb42afc9d16a722f6603f87dca9023ba325addc90e63424dbc002aab2f46eaf18b3b31c4289d3c9692b03348c9e607c72cd21928262e69744c041ccb7fb2b5f568d94c7195ce20ea55f6eebf1f04e635476c3f80e36f8aad8615934d912db23dc11515834a5403a89aac703352ba85175b3d33e4a46c761739bb9725e75d6e0417f32b9e2a284e023327f44590550833b893a0e080d4ab4306463cf92edcfb0ba822cf1cca9dda24d31f70a90734a47527ec21303b92039111cbd5721a4e99215bed86600b9e6a07b7cca817e19354ccbea7b47444866db35b6e2ba6f650ad34d82d925f95bbd38b7e0ec3aa05ee38bbca812fdeba2438d8850b746436241299d148fc1776a545c14e9b2ef53366761c3cd11a91d59207345c8d3895621b4e76b3b6fff007155ec015f5ccc066fbe475533ba40f1ff006e3713c3085abd8be0f66dc83da819fe946b368ecf776a3733bc26fb078e9d57b389b75ae6f759df2083c3464ff9818b85f17cc267b1172e3e8129d2561f30a4fab6bef967fea1f9ad1d66e23ea2b41de63aca62c3fd43c8abea91c8f68f68dd462537e7756010f9597d51adeabdaddfdf729d33806530dad7f728dad8b4d517510be0667d903cbe496c82c7cb24d2997ed09714c3c47c50b9e2b2c75ae251a9f108a6f642a82a9d833563841016f6203a69af3431c59df55c17603782243401cd0a0bf1f45f8db9e9c7e4022440fcce8a111ab0a67c8d1de541c331771d07cd26d10c642cb77afb340d68bf140602eadd65d613708513b99dc7b90e7c30f3427170f77253758cfd0205b9bbbd945b9a0354092359bd7298b3873e0890c9bdfa95f9c322079a15a06349cdda0d17ceaf8a6a21767e0102fed64ac082d99eed173a3519634c5f66ba846e8eec925689c5d89111ff0033f7c91086b987adbf729a673b21c4e7f922507a973479a0c0dcc5c4a05a31badcee99325fb344886299d993c2ea36b8b9d88ab445d712f4f69ab64c5da70f328ba8b2b36c54ea247fbbe68c6f482a7ff20f360fc91fb20bfad8bbb4d8dde564445b4a98e462f30e29deccdea33aed9df71e0f30e3f05cbd940ed2470f1053fd88f510e6c2349983c41fc946da575f292329fec0e3f3f65c9872c27bee3f349be8cf68b1cff7dcb4078cb2a9ad151fd370ba30fb4decac9450118ddf1461195d5c44acc375626820735be3214390b85c4d9705d7310c6b57ddd42348ff00dfe884f144b7e2d762c97e2ec239f7a585f23a7bef66bec6dde2502e1d451659a5550e2e778258c4b1972a789a3197705620e64d5de8abef739c0df8a158874449ef4475515edaa031fa4700dc90985c73390548f983d17001bdd5a8ea369b5d1126056a0ed07f7f15dc8d696dbdea9617a96e1b02509d46488284479eaa1a985d87429c519b9bba35d1014b7c36e39a521860def8fe4b881a0cdfbe4890c5ee188fa21fdabeb6c95895e97b5ceca473af9706aa4738afe489f67c55a3e169b06f3ba964759b6510aae9b88ecd54889ee5f43dcac029e7239f2524672e39f14c8a485cec5aa60c95f8ac8c0ea6aabc9cec97f5f9f7d9184c23a9232b91e685fac24bf6b33f2566229dc1cec46d751b6e078f04c657dc3cb34b6776f2d25d491b7e215b6319adf1915d0d2e28ac1f75709d7726f7e6bb68408e1b72ecd76d8c62cb3bf146b4d8780cf5fddd2feaf7adde2ffa2cf4c592601acb7a0f9a82287f5422176b94b266b0bb0f2d4aa53ebc7b233bfb97c95b616f55045326f1b700a1c23d3442b771b8807bd4584345f8a031d322f69ca7189c7fa1523970f45346c0ad0c05ac80d50046943b9c6ddc806fad17375f643ba5340e638876bd149203a0cd3148b0e7aee8fdd9738479fef25104f57bc0588bdb3528a7635c5c2e48e1e288b4421c89e27dc8791b823ef39fae4acd238d85a09d4ae5ccb0e6545076e24d39288230ddfaf3f820dc33ee516e2165dc99e1cd42c1b9bc81254b1b73b90ac00dddab22f0e67b9505346022a2b1ba7c096bf542fb564407737bd0cd665e03d53002a2d344c11c03ae2926ae27bd6824e98c4ea35b23354585ad6e4be8c9a5715da098c06aeb31c732a84ebab04d87aafd8893840b5b8a8829ed0d6e5a9baee9a2c31e2f1c9204025a969767aa318f2854edceb36dc4a85ce01b7d4a11272ec2de64a41239ee761f52a2dc61e1cb55048ee084639d84350ed07b4741a201080cc46e575f0511f30dd1c1966ab408e374660b215a12a3c3928894a8db1dcfbd1004bb45fa36e449d53029a48b0b3d3dc808dbed11dea946e1bc4eab9771efb2b5386b8e7dd649e4c4e76688c0ef1978a1dce163dc47bd0a197022f7b777aa0f436448e9a735c9670502ee3690d51f5ae0542d239ea7f6112046c6305d4b981cee84299ae36451b0678a7c55270d5d35adcd1148cb7de82e3e08c26c0eea0fe90dbd82201946723dc81676af7f25a40651f14da26f15ae134061b1d57eb65ddf15c38e9b8f6bbd48d604437c8ed7b04f70b591f8a4aca5bbf203ec8d13899dba7cd4456a36b49c5e89e46dcafc90a90e2f68f92e216e78cf142715cd2b8bb25f33b582047e7bad90d4a8e38ec09428eb035d9e81abb682eccf64201b97bc1f25331b7510c4b4592b7071722aa1ed6dbc543723bd45a31cbdebb73b244a46dcca761a30d945053a29e26dc9ee4c038dd711c8052068c5ceca23aeaf89f4f9a8757715021667fd9e6946150d4cfcbc78afa19c74bfefd5029d620321fbef51612891ce0f25f9c72b0d5c8c94f81be887eaf8df5511fbaa5f246bb4d74448280b37c140de252c23866543376bc16a8583e07bd4b601a00cf9a2097497cd7e6476548278291acee5a205c9b08cdb8a5519dd4e43a8ae9e53e8b4466a586da725fbe2b8ee926c22f6f7a89d2b4338a159d410e16e277b94535dc12c6e2065b35fa7692cbdd5adf6080610bb3bceb7b23dfe294170f6df2f5424f27b2dfdd95880e56ef53916c9435f3000e1df9dd7386fa204431b313b900a77dce5c025ae3e61cd308c0b2a472f7ef59731c7604a7292f7a5d8ae850588f750adcd4018c308d57d7f68df5c945beb5b978a62fdd6e5c53001bb21101b6f050209cec47d5759819aa38a246ddde2a11928a0d89dc752983879df4fd50ad031b99bf8a2996f446b7e65f112735f22b9b9c95155c677e19dd4ad46016c61b5d0786f25d120c78dd210513782a01a3599155991f979ad0588c37c946c6e6e56b045c2ea56e81450c7b78a0a3aa6db8a64022a8918e6a187c16951d43adfcd582176e9777ad5199fffd9, 1, 0);
INSERT INTO `COMPRA` (`id`, `id_proveedor`, `fecha`, `factura`, `finalizada`, `bajaLogica`) VALUES
(2, 1, '2016-10-22 00:00:00', 0xffd8ffe000104a46494600010200000100010000ffe0001c4f636164245265763a2032303139332024000000000000000078ffe100e245786966000049492a00080000000500120103000100000001000000310102001c000000aa0000003201020014000000c600000013020300010000000100000069870400010000004a00000000000000050000900700040000003032323090920200040000003233350002a0040001000000e001000003a0040001000000d701000005a00400010000008c000000000000000200010002000400000052393800020007000400000030313030000000004143442053797374656d73204469676974616c20496d6167696e6700323030383a30383a31332030393a32313a333100ffdb008400030606091009101010101010101010101414141414141414141414141414141414141414181818181818181818181818181818181818181818181818181818180104101020202020202020404040404080808080808080808080808080808080808080808080808080808080808080808080808080808080808080808080808080ffc000110801d701e003012100021101031101ffc40097000002030101010101000000000000000004050306070208010009010002030101010000000000000000000002030001040506071000010302030407040804050402020200010002030411122131052241510613326171819142a1b1c11415235272d1e1f0073362f124348292b2164353a273c22563d2e21101010101000301010100020000000000000102110312312141321351ffda000c03010002110311003f0039c8772f40520250e50a8316a80b552d0218a8889c85b24a9c10862150917050b90a042b8e085013d425aa29f17c2a960cb5096cd4472b940a45857c4a5beab56c81fe2e2fc4df8a7c3579e923775bff00c87e4b2c76a9e53a5d35bbc02a52dd168efc2551d5a208dbfe263fc4df8abbed2ec0f154251d46ed12e80e601937f7c5075dfe61dfbe08845b4c3fc4b3f17c8ab36d4d078a1452ca11e375de096b65344dbc8efc1f309cd00fb5f277c4222160c39ae8a6080547f29ff85df05832c9a360dc2ba589a90b744ea2ecf9a1ab839daa1f8a0685764ed22e31ba9ec86121cbc933a7fe58fdf1594e7f4c8a1cd97ac60404210a00a37218a8b0d650b945205c1408130a8084b5a17219e856157042140ab821452051b945a02d42aa442b940a72428b0a8b4802b96c9b7d322e78dbf14c86afdd25a7930b7277f30f02b2e313b8823c414652074647039ae98ddf6f143d12d6cd1de05518b53008e36ff898ff0010570dabd86aa1296545852e8161a71d9f24b2b07db3bf7c1188b69c7f888ff11f81563da9c3cd0229a5033f61de096b64f46ecddc777e69e6cf6fda9ee07e21110b296290a608a6b1bf60ff00c0ef81582ac9a320c1c5765b92c6d6899d94d62bd9055c1cb93aa068565faa2989ec83dfd9298443ecc251afea0b9a82c2bd331072d4295488aca07a8a0ea0b2a0a172890a22210a502057211c1098870a84a5850942b941235cbb450a42a1728b404a8c201b87287f7fa2146f7d1fe844d50ceb67718613a65be6d965e7dcbd33b3ba3fb3299bf66c048d1efcdc7e092a3e92b61e4c3e41207d753e2ce261ff004845ea6a59aa289cdb3e28ff00daaaf27457634c71612d3fd07f4428a16d8e88ba285f242e748d0dec9b621723b9796cb4ad39aa4707f9a8fc42b9ed51ba13e14a4e12a1704a5acb4c3b3e493d70fb6778a342ea5ff331f9fc0a7fb50e6152d53295d4e513bc12d4cd765b327fef8a69b3c5e77ffabe21590b328b8a60cb6b7fcbc9f81df0582ac9a360f6eaa67765616b08344de1d10a0c3743150e57ddaa66cd13488224ec231a0e00947bfa8ce502f44e606721dc112544e6a09c1458728772a5235021123b21ca05a04071500e5c10652561d44e0a083db35f8851480a1dc140062be9408ea38a473835a0b9ce36002f616c6d814943f6b7eb6a1cc687621bb1dc024019dc822c92645f5b14ef762c64e2e3f2b28a7a69f3ccad1323e3ba7a3072e2ac8cd9c30153d4d2c7d235a33e2abaf6db472bb14e61db4e6baced167fd26e8eb2769aa80de41da673cac48f2cf4598b7972065aae3d6e2d9156adabc16e84a9f642390ad6ba46f67c956eaff9cff154b0747fe699feaf814f76a3736f8288ac24d57fca3e090a67fb37b2e4d767ff0035de07e2980581441a98a2cda1fe5a4fc2ef82c0961d1b0cf9a8cf65656a70d4e6240b19890ae4072b6ed5386e8168223b7e6df309b01bab3b547f509da2157aa724394338205067043b941205c151410a18a118651940a448372a0b8429495855115068973651481ca154181d756fdfe480d7ae3a2dd1ff00a20ebde71544acb065bf940e64df89cbb96a3043bc715f52a64c3b6b0a790e96f7adb0425d483b43352bfb2558880c22e5ceccf05fbe8b1db8e688b2f93a3c1e32d7bd5226a3aaa67123787259b514cbf6b6cc8eae5152cfb396269c6cfbed1738afcf32b14da9ecfef8acd9254b2872dcbd56b0ae147ecf80f82acd4ff35df894586a36ff008a6f9fc0a75b53b61522a8528adfe49f3f8acea65d48f21aeb2b66cdc388f87c5584ed73646125da23fc3bff000bbe0b050b368e82ecbef0e6b0b52768c9308f4549053821dced501aaca7c9d498e64d078a7cd91b648687f4f88509d17ac72c1289c12d481c84728208b8728a0ae51e154a0ce511428110ee6a05a243592561c85010a223b28c850419c147c152c3addfa1bb09b2cc6591a0b5b6c2d3cf994263d8c28f08b9d4ab343b309cdde8b49ab7434310f6508f8613a055d1ba642dd10b251b4dd18061d9ec6333cc9b252fd96e2dd554d217430481d675d4f3d344791ee29ea607b5293aaab12345b4b8e79e842c53a59b24b982a621f67a3dbc41e7e1985ccbf59abceee0a17f65690ae146dcdbe0154ea1df6aef12ad68e83fcd37c1df029bed5edb7c3f343515549abff92e48132da7fe5bbc47cd5b766fb6ad9d60e2bbc2a8443b507f8593f0ac09a334ad1a24e8be1d1616a4dd6299b2e4ad1275ee4397390a8ad58f8a3a188e42db298477e05098feab95015ea1843e142b90a83bf121dc80416ca2510390a054a0ce51590ac23940e40b06b8704b507210c50a3ea8dca8419154b4d34aec2c6979e161f13a0541eb55a5e826d17b4976160e448f915ed5d8db221a7a660b67617fcd66c6fbd332b551458df89d9856febafd91eab7b638707db5f7a55d4e7750b4f1b866a76bc6137442162505bf9a0d9b45988b52565b34ee2ec8a5cf783a817e765a9156ada78e4bf3c392c2e4adea64c323771e70b87efe2b2699abcb3b6f643a9aa4b0e8eb961e63b9532461c3e4af34b5ce8fd9f054f9dbbc4f794d53f5037fc4b7c1df04cb6aff00307e15425515736abad4e7c9216ce606fd93bf12b5ecd6f6d5b32c1652a8b5676b1ff0aff0f9ac178acfa3c4e5728b63311b0591a0d19427fb268cd9aeef4d09b3764b8fb2e4ca2e8c543b465fc5cdfcd27aa2587a39248f70611765af73cd585bd16978b926d332b551745582f89f7cb97c13b876353f3720f61bd96e0a3e0bd839e8902f40a0c54484480841a8889c857054a0e540ed109814a15e80216cb94b5212a1c2851c1475351544a6d1b0b89fdea724bba46c7b27a164baf51c3d8047bc85e81d9db269e2168d81a3f7c5788f2f93acb57f8e3dec1dd73fbf251ca677124eeb780e6bd4f83fcc6dc2d90b70c561e88c89c78aedb41975b92e5ce6e1597ad7ea0c34d942e43d323899c435551b280e3cd23a2237d51c5ea9bc2262dc59ad12921e49063cdd9e4b1bdbb044661d60386e2ff9a6e983458ea1a6a96c6d9dbd675576875ce86d6d2dc953b68740a1c3f664b7b895e47fe4e562527fe9cac8fd9c405f42163b5704ac271b4837e47e2bbf9d9b01eceff35e479724d36aff00307805b4d5515576b1ff000c7c420a8a1c0dfb23f8d5c3673375dfbe2a332c05abe61516a96d8ff28ffdf10b0e6daeb1e8f6a74b451611768d027aca383ee85cb6b586281834099756dc44f82051931cac34d22a338260a5635ce735a062d7c971775941ba612bf0666a80f4eb90c57b97383943bb454108e51215867142a05a02a054a06b942a0854052d619ca3eadc74b93dc0a05997d59558add5497fc0559a8fa3158f76f0eac77ae4efcbc0f5acd274468c018c179e3727e4b4ba5a08636e18da1a3b9795df93acd6acb1c2ac54f08d6cb01246d91c677723f256a6c4f732fcb45f44f1fc7721952bdce39d94952fb5f0adba3f2a7cd566fae68d8eab75723ae9ac7048f299b58735a0b47345b8a893c1bc52a98cfcbfed7c2eb69a4ab83a803137c490b464854b69d283bcc20f82c4f6e4ee39381e175a3ac7a8e283f945c3933e775b1be20bc2f9beb8148e581aaaf57b3a19059ecc5e2b04d23309ba27438cb98cc0eeebfe6b2ddabd14ab2ec4cdeb77725dfc799a2564f51b32ae3edc4f1fe92b34daff00e5c8cef7175e925e9aa753b7fc313c9fc55d366ff2ca69475873521d150949db9fe51de3f92c21ab368d6e7033ec9be09b46d0b8cde6ad45856b18d6e49cc2a9676e7eee485ba15be35d9a21505e98705095ee1cc4486705141aca0285609c10e502d095010a9418a190a83a1d2c42a0a692495ac634b9ceee5eb6e8e7465b14249d7da71b7a0bae0f9b7c553e91cfbe60919e76cc77e88c8e061b96907bc67eb6d178fb7ac294446e98b222b3af87714253096373207b8f0694f826494f2bbacb95bbd1b9b81a0f017b78afa163e3b314a6556b6b6ab26e93f4be9e96d89cdb9e6a6ab5e58145fc45a67cf84e8e26c73cf2e056ff00435cd730106f7eff0082e4baf96e7b2640e6735a13215d373b625d4eb3daf85edbe1199d14273a798fa47b622a688b5b9ccf70681ed5c91a0f32bc81b73a41b7a9ea082edcc56c2f6b984657c2e17047f4f92469adbf7437a5735451976608716bdb9e4401d9bf8ad2ebed2b38dedafc94eaf53f06c52b1d080061b305c79ad9bab5e6fcdf5e4a829224a248d71ca237459a85d0df9aa0443350c5873b93cbf6164f5fd07a1ab16313dd6e115ee7c722b7e2d3a55caabf86f0be9b03a9d983932e1de27bd79a36c74066a66134f8e46939b0f6dbe400baf4b8f29ec4656cac367b4b4f220dfd106e72ecad9f6df93fc379858a3565d1adfa9d9ba3f0a731b1725bc636328e6c6ad0661299457ba01199c5c9423540884044b7b4a05ea750b97b87341a1dca94849503821406a0b2158450aa40a50f85555a3b26143b3a59e6eae3cf5cd66d6b807afba3dd178e067379ed38f7fdde4b63aa8c3636c63cd781baef696af3616df8ae1bd1c81efc4d73e227531d85fc4104159b1924c66d8558d1b93b0fff00233ffe2466aa33516da69bff00857ffbc7ff0075ab591f00759b630ef1a767fa5e7ffba413d7d617f56e731d8801badb79eab290b0c14b1888c86e70e41bf78fecab6c4f9319e7bbf05f41cbd0e55bdb0238062f8f7f15fc9ee994d34fb42691cebb5af2c6b78644e7ee59f4dbc7751b5e8cecb1132318eeccf3c6cb769bcb3e7debd05b3eae7a49a2a76ddd13a289ec73f518c02e69b7792979cfe354fafe89f46a8e46c20bad99be5df65ada372fc9f50b240424b5cd6e073b8d8a284e7ebf901d3086a269ea656bee617d98c077c80eed78e575e7aacdaf553b8758e2706675cf962275291a745ec3fe1663752bc968c0e9b33e4dcc2f54d46cec27226da8570d54a89d0b6afab79203cb6e725eb09366b6d763aeb97bcbcdea7eab12d2b8256691c42f35c6106ea075b3c954ebeaa9e2dc66f48741c493a0099c51fd06c5924fe7bfaa26d66b6d7ff513f92d561a6a7a78f7377bf53e0bab98d50d6988c3c73e7aaae6d2d9d0c873b5f5fd1379d1b0adb9d08a4a86ef821fc1cdb7aaf0bf497a275545310e05d18b59e7bc5f3b65c5753c5e4fe09e6de927f971f887f7587356fd09e9187b0df009eb5a2cb9adf0507008e2ec89f04211cc6dd1e1a927086b3343b7f9a47268baa00c0cee5d7560b9585e9550397b6600a50e50a83d90e8541ca1ec8440ca838aa5212842a82d7f62f43ea2a1a1f27d9c5e1dae5c57ac3656ca8636f571372e76f7af13e5dfb5e05a2414585f89cebf92415184c86dc562d4e40d494f134b95f382d7e31e5c168b24b551ee14ed0b4c9eb1c2c72599cc5bd6137f67f6179cfeb02c5154c72403505b90fcd680ece769e417d0f2f4395236e44d7482f9db82f0ff004b7a35232a9d550b71090d9f1919679df2e2b1e9da9f18e6ca7c1154f58ca17492b7b21f2031b72d70e0b9b2d6a28abe6a9fa4ce7ed756dbb2db5b203c969d50672fe85f47b6b39ec033b002e4f3b66b4e7d737d1466d67f554a8da0434ac736c57c9625b9e2d6e51d5c7962bfa2d53504dce65c48235e7aace22e80cdf4901ef73834e77feeb2b47abdc9b0f63b6285ad6dacdcec15f6c2d62aa0ab09aea47fd20bafc4705aaec9a56baa0d9e5b89b93867c7915ccf23caf97eb4e76c8aae156ff38c140cbb3b695bfcd5ff001447e522c5eacca94fb3f68bc1617b6369f6d80dcf85ce5ef5a7ec4d8f4f0d2e160cdd7c4e3da3e6873059377ecebb3b56d544da7899daccf35ac5c711d5b43b99547da52e275b96652b57f1643f58bc37084ee1ab6cb1f552678c1009f9ac7edfa43f977fc5be89b6958d963fe5ba421cdb684e7881e472165e1766a57a6cdeba0f404536ef904ce17a4340a139ba35b3ef59296662a116c9722a0dd7d232f45db1f6cf5287800b595d80b0eb7364cbeb08036e5cd1e698a7ab10ee5ec58c39433d45204394b58551b821400e50215057623973217a9ba37d1664369a718dee1bac17ddbd88bdfcd70bcfbe7e16f4ed35134b439fe9c1369660d0b8dce412bd356626595599aae3ef5d671cc96c5595b52eb26e74383295ef24dd03b4aa401856db7f06c8ea9f9aad363fb40355c1632985b7a9b004ad6e2c5717ef0bda78be3d260be48f13ee73559afa4c4db2d35d980f63ec4a7c57205d01b5b64033756c02d7b9f3fee8e40f7f44c7b38b0e4436fc0129b9bb45af9ad12336aa70e711c74597d63713c8cce6744f6494f7a3b58d64dd496f6ae41b0e44d95eea608ccdc2e935b577d9f0831db8f02a6aea66e1b3bd42a2981ed06e0ba6db31cf6e02752b89e571fcaf4b878310f2f82971d85f3296c4898fd6fafef25f249acc767c0a15a81255bf9a495ee93d73586dfc42da6ac6365cf92495558cc473d4aca5a189f7d0171ee56a8f67d596e3fe58fbcee16e3641216f01ff00187a6503a0fa131dd6bce1323c76459d936fcf774b715fce366be8bd4627e37b5e826ba6e2668d4a8d2f9f58c0df6923faea117cca9c53bffa8a0c3d971fdf8a11fd26c8d99af34de164df5dd55f705ae00e28733ed0771723e01f99b3ab1c75efcc947b3604dc5cdf7fe499c53fa8aed572e192f4410442895203b648628103108772b408540948d8fa1344c92b5ef700eea9b700fefb97b2a869862321efb0f9af29e4ff00459d4b366c3ec9bfc156ea64de2b99bd02900764a60d5c628d2282ead0ca35d2c64e8e9f331a2dc56755335dc50792ff000355194a57eddd73614b26c00dc6f7e1b9cc0fcd5ca40c5eeb13f1e8b08405c3e16905c53dd457a0830baeac0d115c9c375ae312b3572478b26d92491cdf693725575f68edd6df8055ba8a37825bc4fef34ce14ad7d5b50d7ddb91d78f9a7b1579eb835faf358eb5c6cb14d8436c792eea368b01b3b8aa88c4b6cc4c92d6246651d052cfd55c905bc0f82e2f95c6f2367d993b8c599d00b2be3741f258e3240d2e10fb211cccc84d319d5431ac712fe1f9aa4edfda90410f5d553474cc37b62b991c393183336efe6b248079d1ff00c5de8d47fcba5aba977de9431a3ff67deca9f53fc6a7977d85053b3f18b9f82ed67c63f555e7fe35f482c70369d9e0c58a6d3e9f748aa587adac9834deec8dc58d3dd60792d5ea8f3dd7b3bf8fc789e6556da151e34cd2dbb47dea1de3f7bd508dcb62772467d164fd9548963a17b9c065c169d4b41034761aeef364d09e32360e16ff00484735ccf34d4465d9e4980f7a253ddae50f05da00590a855281218a52c31509089408a1894b1ae9b0b6d1a4aa126b1fb63f4e2bd4b49d3bd91261b5446c3f74dc5b98b11cd79cf3e4ba7926dca12dbfd263b6a37dbf9aaf4dd22d8ed6e275547e1882f35e8ce47274bfa3e35aa6fa9f926d0749f613bb35919f127f243e816874154d71bc6f6483fa5c15f5d2e26eead19fc3e28952f7026f7baa93df9ae2d672d7208ad595c0ceac733217684c68f68f59a1c97adcd7a0cae01c39a96495dd90b565ba9e3191b1bbd99e48b0fbb7268c3cf25d06450aae68dce26f937bb92c5b6974ca9a0b75bd9bbb51ef013725e99e547f1568f135911363abc8764ae149d2ea53383d687e3b0b9bfcd37a55ade24acfb20400721c964db49eec44e1cf25874db95f766cc1f4e08d4704357ef335cd6583acc30d432f8b79a2de5e2b69e8f35eea1224d2fbbeab2e9c9d2e34b016b95f6275f864b030869ade6944d56c6e5c6c7f77fde14437807a69fc568a2749051b5934c727cceec45c30b1a7b4e1ae21cfb592fe72ed5acaaa8903a69a599c2fbd2bdcf26fdeebadb20f88c31d87894d1b1e498d0fd857e3122421ab89a93b626724147c326c0ce48e10f209431c627f2513613754b71155461c9d336843dfef5ae5674876843cfe2898f6852e773ee4c0a76d6d361b97f1e4516eda34fc1e11a9fd077a1caee165cf68b872f9642206e50392c20ca84a2517b90ee4b1a97b66a5cc6e5debcc92bcb9e49cee4ae579068711eff52be3b061feeb145a2c2de4bbcb804267165a1da7590bb1453491bb2ecb8f0d32d17b0ba31fc65ad63b0d78eb5bff00918d6b5fe6d197a04bb966b1ed9d91d2ad93b45a7e8f3090b402466d7b7c5ae009d785d597e8388e4ee791fd571758677efaa5f6ef551a887038879d334bf4571966d9da90e021a6ff007ac89d891c9d592f698f4c20f25daf1bd04f8d0a22712b1d34671e271dd1a2ebc8b1724adb9c3aa42f6d439f87d9e3f359f4e9e58674e7a511d243d5b7b4e690374f7e772bf9d15bb425a994758e279772e8f5c5bf5718ba3b0df7b5f12a8db5e0313b71f6c27237f7d9639a6bd4fc7f46bf855b625aaa3b4dbd86cdd35b0d4d97a53686c363e377bb35aa93960e24969e6c37e3f3564755b246fc52a41529a49aec7b1dc41d7bbb256f3414768da3d8c8f05c9bf5c7d2d6c921b6ff000f15d7d2a20323e59a1255aa9acb9dd37fba39db5bf21e8bf9e1fc43fe22bc63a4a478b9bb6695b6cb15c3a3613ddda70e7da4acaf3faf05e5f1f8e7aa16eb6f5b46e34c9a7244b7565df0516abd50de50b1b9a1a35a638b24c5ad590d11854cc67723807cfabe127b23de886ecd82dd9f8a253f7d5907ddf8a97eaaa7fbbf157d1f1db763d3fddf7947376152711ef284be3de2e08172f64c21ce8a27201047211e80210a0dca2062a1e2a94a26daa4748ccae755e6c9a17b1c41045972f67c06bf2c8d0f8bf70502e815d6241d438a0a9a88e60f85ce6c838b09bf865af05fd0be8bf4a36cfd03ac9b04b6c205da4486e6dcfbd66d64af46e23a5150e83b385c7862eff555299cf95a5d33ed6bd98cf68f224dcac7c6ecf8c3ec6a5a67ced74a1801360d04db2e77d4ad36bc6379c3725c5beef0d17570db4a9cf0d90eb971567a5c6e6732741cbbd742312fb152b196cae5301dacc66529ade38fe2b6c663a88b85f1337bd2e6c325fcba6867597797f562f8b06a390cc2d15cfb44d06df92dbe49b1b36fcbbd20aaac6cd29367df3c46f9792cb12e9fd4efe0c50491d10bb7b64bb7b5cc2f76c986daad291e7be935231f1f5aded3323f9ac3209dc1f99d42534d5aa82488cc4bce832f1ef5717ed4a98e3c51fda3c5eec1af8daeb06a32eb2aac5fc40a78f175a1f111c1ed3e7aa12b3f8abb2591138dc74d2337f22b030fabc7fd25fe29d4d442f869d9d4c4fc9d2127ae70d7220d9a32b643b2bc9cefdff7e6b6482cc10c0857051add0726cdd138a4d75f945abf520e25f20b97255396b0e45b74590431a8e6a6c50d6394ca55886a29022669cd366a8b7b01c8572f6ce623b2033b6680417820dc802190a54402e502a523be6914d490bbb4dba4711599362521f64a17ea2a3e4523d4e0eed894bde94bf6041c0bbddf925fa8faaf54ec1701769baa449048d398b2cbaca8ce8eb9ec3901e3c56fbb1b6c48f958d26c05ce169f7948698f4ec35f18788c3097bb527d7252d55437aeb3db9068233f4bae671dfc9d48d11b596c372321c813aabc524d2b6e2f88bce6790e4ba3906a2c73d2e3a8f4571a6644c7ee9b92378f8705d1731f62ae06a5ddee007fa4667dc9bcb591f5cd37cdc6c3f7e4951ab8c9ba50f89cdb1b1b5ed75fcede92745315df0bc07126edf64ad8cdacbce351d12af18376ec37de1a70cafa2dc7a29d0a8fe94c74ef058d20e116ed77fbd0c8e671fd54d831c1144c6b48e0ac95b519ba33eef508dd4e3149eadc1e5aeef1e22eb33ac82cedd23fbae5c69d9c51ec779905ef716255febe2eb8621ba5b9e26f7734f2de59dbbb470bdd1d4471bdbecbc62e3a677b68bc91b6658dee2596032caff24865d338778a1f1206211ba4ea17e91adc591ba235d0b264d764a16e6ebedf2510827c5752c0ecd6739636d91ec6e4b3acc7829da5120b0e5335ca2d35d48d7288983f34e2370b28b7b310abd93961dca144b00e4095140ca192d60dc8672a50750b90a8297280a01857284954a405c935440c78b255836655bb24b6e5a4940ecfaa314cd39dee173751aa3dd94956c74b0bdb9dd8e07c9a6df055c9eb1d23cbb890d68f23faae4d77a2e12573becc917c837d16bdb3ea63c588ded6cfcd3f27e87415ff00678b3f1e7dcacf054e1693dc174ab933eaad4d5d1b1ee94f0c56f459ced1e9060344ecff0098f2eff538903d08583aedf19bf4876c56c8ff00b36df2cfd49b2c5f6acb5e23b3e3eac91c4dd6fcff00db9fb51e4dad5058c8c0b0d6c2fef57dd8bb4670d3f66e76b97fa82dee5e6362d97d349054888b6ce61ecdf97039772df19b7e396adee69d5adcbc00bae67b3a7c26da0ec44b8769b9fe8a9d50f25a1d6b1ba44334d26836a03209067a62f34d2bfaa6d1bfed0b3addc69b5f0df891c96d8c0f2cf4ce2644c66270735b1363d3b6e000c62fa5ec4dbbd78f19b12a6a1ce30b2da6a75b792cd48d293b4b656d082f8e3dd16de1a66aa6d7485b9e4a321834348e29a31cce6479287268f073f7265bba5d5c50ac0de6174e6f8225914d03ed966848a17f7a4716b130264cba47169b352b54e2870729aead68fac523654a41acd5320e28d1edf784315ec1cf04f50395a81b906552819421285615c8772a507721d0a901085c280619ca14b5057216cac455513599a5d515b49513cb68e3f359347e5e8be8e6cbab8b0b5e37ae4e5e055cfa974728bf8fa95c7af4398b9cb46e7438da32c4b55d8703a3c609ed165bc81d7d52f2d3416d1866691261c2c71b61f9a475b598625beb17f58dd56d6fb46c7cc927c066b2caaa8acac9e3676226c970f3c6c6d7f0cbdcb03acf51ec2d90c645639e60dcf92d7e3653b2fba3cd7a1cd71f412aa285ac366b5a6dc824928c30dfb868a74b91e4de90c6cbb9fa3813bc3537e6b28a1dab306e97c3c6fdeb8daae84fc7a3364edc6c90e237ddc9de8bebf6973cd84ab8569abc741862fb317758663dcb2a7edd26a6ed7be17e122fda69cc1208c93994beb454caf73a4904b8872d3c0704a2818dec93bc2f9142ab0d2a28ce796ba8f25e5be91f478b09922ec9ed37e26e8d2c67d1d386b7dfa2e7a96142e7d46218f3b85236167778228076da58c9d33434d48c07b5e4ad0a9cd874c450b23597c8956b4a226f192de298c74ce3ed5eca8b316413735fba9941ede6a0c5e2988c9f7ee2bafb7e3ee4e5a78fe919e57ba0e4ac7078185089336ae4b1dd1aa9beb07fdd050fa92fe88b908bbf198339b740b931409c84724a042842a2057281529014396a11067a15c81033821525610dd4254aa3ca0d966692dc06bfa2f4050eca8a3600001af05cdd5763c7927a3ae6b36910ebe117f7b54ef6fd21ceb1df6eeb7fa89d34f15ce74dac747a290b6488f13c781002d6aa69e9c3035a33730dac388e2b5e625ac736dc9506511c8fb5b3199cafa5d67eea8b0188630d3dc9b4b52fe8ad748491da24f9701e1dc9c4546d6b9ae160db3b2cbe0b9ee9c683156b4359cf24d6b3685c8cecba3d66f500edac5cd75cf2feca79f69b7e8a40be4d57d5fabc91b4a77ba43c95768a81cd6e435bae70ab48d97059d83ef7cd69bb2295864763176b7e2b4659b4ba6c3fa460a838ecd61045c9e20e5f0423361b658bac8f0723cc3c679f71ba6d272655b0c31c18dad17b00eb0e3c4faac345739d586c18467f8f4f0b2c8655d5bbcd3cc6aaad59035cc73798b66b614f1b6d5a07b2a8b6ee03516bd9578d2baddaf7a17268099ae0eb6f144fd11f60734c245c4f6839bae7beea674f193c3250615cf87fa6e8abc66d6c2a2e0810b0ea014761636f86f75005af9a6b91a5bbd47f48761cc6f7309a833e92db5b985232af8005443eeb8065efa2cf5b56d73c937b70c9518faca96bae3350b5f67d8677baa47f510a09cbd0b10475d06e40a04857040b0c8572a11715c394282b940e42306546502c1390a50ac39089a7a773de1a352b3d5c7a6b6650b19134019d85d5cdac0b8fa7a5cb08da91fdbcf87b4d734fa81f9ab0747e95cccdcecee70f73cfb47b873ee59ce6e5f498a28b73526f7fbdcca021dab25ee715f85bbf9725a3d938ccba63b41dd5bdc38b9a3d015e7c8b6d387127469eecf5216bac6d77675544fa6bf336bf9a82b27ead9c7470fd560ae9641c156ec0d29f36771b8e485b88259dc1a6cbe999fd4dbef7e4ac2cce6873f8ab7534b4cd8d8d71b3cf87344e7eabaacda94d14cc7e7832b5adadf5d55f7606d47f5af2c6e36937c397119e4b57193ad469a0eb22908ecbad88036d2f910b398aae489f261be176adf3d541656ad9f799b6d7f7c562aea07336e3a316dc770e4597581a1ad1a50093cd55266e6b510f3a74b295e1a246f0d7d6ff003580f5f77767167fb2135c9d25133b11f9269bf6b0bdfbcab2095f406fda04f3523e378387003a662c8903f53fd07c6c11eca4786f6477281710533c3f322ddd74fe5980398691cf3510aa58a03bd7f24644e65bd9b722891d48ce587d14784db2173e5654886baa061c3c4e597c5250dddb1c3972b28d1c0985a3d9f5fcd4821662ec9bf9222dfd40e0877af42c45ce439d1004bd0ce28161ca0dfaa8300e50954520721108d19192150204768817042a42b4ee8e51bb19791c2c3d567d3663eb7d89bba8f6e8b8af44c876c5647d710d6efd86276795b3cf86886d99518db91ddbe7ae76d520c69b5ceb44dddd74d7c3251d039bd4ca2d790b408ef7ed2671182f4836d195e6368c45a737dbb474208d152fea5bb710dd7919dbf22b4dac922bf01da14f3020e28c5f10cb8f157566d264ae7b6f71ecf9f0f5493f2b1535cb7c3e4993262d93f101924f1bbd8beaaf8adcd4d14f08c9e6d9e5f92390aeaa1b6df1b1840205c8c2ef359749d4b89eb5cf91dece1b8f82262a8e3bf658096f0c59dbd56d3d16aefa2d56293b04ef79f15a252b8d776bd53e094e0764f71cb9e9623d55668ab1fd635ef376ded9db8f02834d195c69e69293690320fb27875bbee6e2d6ee40529824da6f97592e79e986c32598f5fa6e2a8352d372b531b32dab4e0b0839dc15e4ac31bb439e774d73b41f718cde20f80291c7512e222f96762546614e9a4fbd7e7a2ebadfea3ee4417c73a669bdee2dc6cbb8aba4768db956b3e22dcee75d50b1d2bb166091e2ac00c52bb317bf8d977f57b814282e461e2ef23f04540db34f01ddfaab354bdf74b76e835fd94a24693de8442e42e0cccbafcb244b44b82e09d390e698291fd48210ef5e85cd2e70412058340bca00a1282776951885c10965141dca1c284210a15cd4081ca1f0a8a40d612eb735e9fd9d035b181c82e6f92ba9e35bd802225c5d51b027b82e73b4c3a78677df18ea62f6dce2313b90035d6c97b36a5347231acb6adb7ea79a522f351b67acb3ee376c0b5c351fd360aa1b47a4b40d6dc63320be06b1c7177ddbe99a7655a671b3a66bdc6f1f577be44e7e6b4116434fcab951037359ed7d13c022216233f14a0d8aa376a6d4658e136077b77dfa2e5f51b56676200d9ba65fa27318ca56edd17761b9e447e898bf6455ca0ba67e07769a073e2a0c14343339df6aec4d190bfb95921a28ef904a322dd06cf60d5be69dcb4cd3e688d542592adc4478f719701ce02fef4e3635075b2c8c96432b30df06438818b76c6e9ece75b4b664ed6618e57bc37b2c76f61f339a67d17a79c173e6ca43d9f0f9a5704d82696ee55b99ae4d028b5eddd5e309a9dc277075ad736efe764d60d8191aee041eecbe287746cbef3482788cd1b1a1752307b371cf352329a3be86de7e8152dfbe8c31dda2fdc6ea47ba38ddf749fdf14c5a0fa6bcb880e732dc6c3e69689dd88fda136e764b25618ea63c57c3e63f2534b3c6ed1d6f1ba88ea36b5c2d7f8a1eab0c719b12ac4ac86b401916f3b94261d7c72c2852a402e381b6b88d91e70b6322e5b7ee3cf81442cbfa7ce403977d8cb9ce421d1440eed102e4220e8537ba8a477c9024aa40a540e0a291d90ef096a065abf32071ee428b56cba4619b996adea066ab95b76f1f0f636f7239d9356075545da3d5188e2eef88d174fd8f48ea3c0e8c6f36f976b31af8a6059c7fd230682a6a6dc81665dd7c0b2cc30c55d2330ee120073bbaf73749e2ccea6908389bee4d68eac1dd3915472c3243924986c5509d98985ae6fde0552b0ba17ef5fcd34ba324da7217642d6f14117ceee04faaa018414323bb570add1c11b5bcca13463fb2ab1535d6c8668d5552fb57e80fbd689d1aa37475121be6e888ff00d9a8d9daec11efbafa1c926a7700f7467561c8f8ff0074d0ad4cb592e9100d47ab602c2b08e906c47cb130b05e48f1bac35ced978e48dcfd3cf6e8ec3537f2f43de812e980e36f244c42d9d77deb8ef4de265496f0f1fc95a93b3746fbfd10127d15dc6e8825669617b09c5e58822a9a08eda5adc025a7123a18b4de47328584dee4a32ce994f1b5b7b9f359ed5ba4925b37b2141c2fa8924bea4fa2923690dd4f3d143a8766273cfea9a75923e66c65b936fcfc5529fd457a5ce5dd73c0390aa2237350251083b86aa61930f7a884aa19596e2a945ee42b9529de58546c85c50a86752c6f7b9398289ef06e70b5055ae1434d18759a3979ad358d0b89aaf438f86adeca5d2c86eb336b3b965eb2b70fb11ef3bd321e17b2bbc75073075e1f9278478fdf966bc818be900e3dd905fdfa24a195155bef81fc1755748e071352cc30a2da1ecbb55637c4d39aa341b62b825da83925f50d85ee18af70896e8434e3447e31c028149d5bcea5765a0699956b01262252dfa2b734d0d1ccc2158a832a8f16b87c1425a4c4d1d5fa2a2ed673a1ab8e4f61fbafee2059bf24c2d788e5616a81eed50895efa36275902e899d6939b4a642182f4cba3ed86035118c43da6e597785e7b8258f08230b6fcfc38aa73f425b330ee8b13cd34b3837b7fe9fc9428a258e3933c4710d03b44b61616b0ef667503e49aa07d486b73be6a66456e24a5adf240ed6d7f0f9a6f48e76105b7e37ba328c769cce6b0ebd90553a37dce58473bdfe4a9a844a2d992d23b824b4ee73c9c39d868efd1359ba751b6c77acd2792734ac675d7ed77f92598fe91140bb55e818013f5431d10a9f1aeb79a5cde3e6a2d0e0cbcd472644d9411532f9aea7e1cc2a5003aafcd84dd450e6b18d39e6a46c4f70e4102266164672188fdee5f9a9e85af9ea70ead199e4b3e8ecb68eaa327bd7dde69cf35c67a2860646e1551da53e185c41e1f9249f55ba2c5f45bf1399f54c2092ee0791174742b94d944e3c9a7e0bc9f534c08041de096b49154098e176ebc71e7656381ee69c2ef552991054d1b4ef05fa96a1cd384a019bcd21bf8a52da90ce17c489660dab67246b6a6ea225ced7529764a0426242ba509e0045c9c5149f6ccf1f91514d8e3b755e0a97d258af447c5bf119a2209762baf4d6c7d8b02388e5eaae3bc3d9cf9fe894a82a48c60ef2abc5ce755846138ab65c161ecb858f9afe7ded36b61aa922d4b247004f2b9b2b63da9071197091dae202b9636c31dac4dfb91b10863e391ba24aed9b6cf33dd64c01ec186fd8b0444cd1874bab57081afcb3c4cefd42320a86f585b6bff50f050d52f68497940ef1f15cd64d70385b91f92030346f3bce0db9c85afa7821f16293b27444a362f60888d4db2567d9511b36fc0127cffba1557f45dc104ed57a273c21721d0a833f44bdca2dd37b4a37664a820bc4f866bf086e6ea94f8da76f15d617b8e592b44f1b231de5269ea7befddc12d15b91c4adaba2f0814ae77379f92c5b6af1fd6812479a9e270e2b98f400e58777b951b69ba9db606f7e5cefa25712a5d9f88308b2b146c6e9cd123badc4c824ee61f82f3483ea80e22ada4bb6e3b411d45b45a7724d72cd0545f63665add732c392a343ba276070ee48e200bc2803f64011a2cad113e5174a9f3846852e96ebee6985a4739ad48e7dacdc4dee735501e9aa4b18fb8d8faa55b5e33f427f75bdc4238067fb2f2abb71923cbbecdcefe8b60646e22e0ea86a4053c7cd20a58bedfc948a15b42d7680bcc3d2ba66fd2f1100e26dfe0ae11b63a5ad3ec8f3fcd42e925072be0eecd1b9c0592371ee8c4efea5f6495e5a6ed6f7e67f256a41f4a77b2df42515f48ddcdee1e5ee46a15a168c17c5c7f3e4a6aac0d848d3c1296a4d1bf379b73b5d4324121be269e088d7d6f51fd44db4404113da73f9a300ca88a32f001ceeb4ea3fe5ab4af7c94139779ce02e50154a73225ee6e6545231a2e98cb850c49d581afa2fd779c86484b7ec2c0799404b3ff6088442f7b8840b5a96b465bf35bf6c86e1a565960db7f8d6ec4345ddda066b9cec229b0eeb799bdbe7e0b2a7b84b54f3ab58ec20f3cb3b782a12d4cc2dcf54ee389ce6dfd145aa1d25a82da0773240f82f3d47237e284468123aca10ed354b389e1ad9e2385c491cf357b8abdaf66a50847d24dbd84a4f36e4fe6a22edd732c94cd2f7a8228739bcd2dc6dba69689d3352f92b80d145ab524f2bdd95d36868374decae10f57ecdfe433ff8d9f00a4ad65e9de398728b6530b0b4d3bb8b717cee3d16b913acdb7fa879f04c4713e632f442d232ce24a15aab33f154f72f3e74a83dd5a2ce21a01bebdcaa32ed954f33038b031c48b66508da737fb9eb6f35a1cb47353445dece21c8d8f8a263a16906cd767fd412d61fe85670e3e2e5ce18b1e4db11cd3163e2865f6ac5bc87e4aa15b3de5c0d69de232f0d52cd8024a8fb4cc69c2def50c9237097891c5ba61fd15974aa22d75f0e1614f435f6cce2ef0510382a9e18cc9719ad35adb35544af713908e0bd2308528554a72e06c82c05441b1c36ed2eadf74288f9d5341ded50b24ccbfddf9fe4a915e966b9c9005a10188ad92ebab28143e3a4cf99e4b67a46fd837c160f237f8d2321738a9e4eae36ef66b9cec421a91260385df69265f85a7bf8704a5b0889ac88676d4f327324f3d5598b235edf35f7ae75f22922663d317bbe8cd6df5773e4179bfae91a7fb21256487680ba7ff4916407c073b58e0aa0f8a463aed3ef56ba6d4f5cec599cfc91f53541c2f754a2486a64b6a516eab7a20f409aa2b87d5a342e323d1d05392ac2d129a85a337041d5d58b16b733dde0541bd07b15cf347113af54df92b04dd83fea565a82c83ece3ee2ebfbd39a673b08f12ad1676372404b235d9373563538e1c65fc005e60db15dfe35c2d7cca38c1b679555d235d6eacdf99b243f4a9dcfcee071b2739cb23a281cd06e2fcc8f8a6ad31fde17ee548af17cc5decb40e763f05d18ee7b6e7df83410a828fab99b190e36b93879f75caa24723ccd7e37201bf24b6a8f9533498ee40bf30b989b21612db6bc427148439e5d72d68be9904e18e631998cca48cfb64c4796b73f92d038a28cf5ee02d4048bd13206b283028211d529dbae43cd403f601ed141ba4b15622496a1dece5de93bafc732a8b445ab9b2030647038e7c39a7f1d200dbbb759cf9f804c2c9aab6941190d61c38cb4027575cdad6e0b69a261eaadc9717c8eaf8c4cd261161a94a262d68c5abae02c4ed423a27174cebeb9fc571b4e9de240f1a7157035f299a0ab1f5092364dd209a3eb636bb3b34bbde42ce5e6849ec7c5523a76caa3776723e2516dd8d1f3f7a59b13b76345c7e2517f5651819b7de5541904945438bf957b71bbbf34ae4828ee6ed2cfc24fcd522b4ed9f11c9937a82871b126bff35a53d9b82c6c2a8fbed2a5fa9aa3bbd558f86906cb2dcc869b7f526cd6bda720cf556119691cdb3e4f45cc3042c3704dd08db56c1a8bc1639d9cae4ed334c0a9b4cffb4923d73040f1172beb9cf6e83b39aa2c73eb632ded5c9e0a186190defba3b92909b693da1961a2f1b6dd73c3aff7ef9e4b6b9da52be9459181d663e3de142da97e66e77b4baa654824693727316d51124ce69b8b1ff6fc145236bdd8b3637c72f92b85316db893971568a9ed69ac0d8f1b7bf349db87e8edc22eecee7cca534c29c19677d467653482307b67c33f923e925cd8eceb1cfd537ad859ba315cdf8dd50e345d9f059b7e764e25ca33e499199ee776885c392efb23aea87143b8e79046a4ed83ef7bd4a5e069977947c5924b3e796a93b89485832d2a3b202d2b61253b8a932cbd512dfa59a260d438fbbcf82c5b6b7485ce3822df77de1d86fc9235ae1f98a8d035efad87138bdc6567959c340bddb4a379fdcb86ece6174fdbf5492485c6339e685b90eca01a1ef7eb723f4f72b53f1399bc323c14028b2b1f1c9dc99475773aaa3d87f4a0ff008c65bff0b7fe4e5496c57e6a8265197700ac50bde9071db5efb21dfa1e2a8450e624ef88954a56a4a542ef8e6ac819d6bedaa9fae96da94c30339d2db8a04f59cca30246b9fde8b6bde94a6d1d169897bc5f8077a596bb2714c0aa91c16a8327dd6dbc6ffdd453b5e233ccf1f152981294420f0bf32aee5fba9b09673b4bf967cd79976c53b1d1b41e791f24e73eb3e6d1d1b1a4b5d77f8deff92229e3c4c0e7380d770e1cbbc1f7a84256d2b002496e7e084348d3d975cf2b2841e43b39b877f5455406c6cb8cce8ac6cd3ad6ba575ec70dec077eab9decfab0f0e1a6b8500ad2a74b2107ad386f970e28789983368c5de9ccbd3564f71776069ef458a567597c45c50b5b4e8328873c97354eddb26421ef4ea945265e6bbcc68baa275526e8d33ef5400324c39e229448fba1341e151e040b447d4f252329ddc41f05027dd531a3ed091fd23e6a93b536ec51b337003d9683bc75e086a460753b42a26b876e467d91da3cae9586802c345c0d69d4cc683d1682fb45a7ee873bd345ebbeb5bd65ae7780f8940dd040a561f68944369b35472a75b4ce63c39b722f9f9f14e0b8fb0493e497aa94b2a28eadece25beff2556751b6d885ee3820ceba5e75d667b722c555c7b0d1f1c924642513744edb04436449118b6a9b65117856b418971842a44ae632c92ba0694402ff00a336ea4ea9505308dabf752d4c40ee635297b82a0ad3d1da9b57b4707b1cdf78b7c17a3daacb56259dccab67dc75c1be8d36ddb9efb5bcd54ab2b24fa6322b6e3fdabf7d833f17e68efc2f57f1a557d24d0e16bc6ad0469c49c8f7a50ceb8371613dcb9f9d387e3dfea9f54fbc679f10bcff00b60b700be98b8f815db6fd3239053e21660bfe2ef56073e370b1670cedc14213471535b76470e77b2630b5d98648d7aa28da363adbd9954cda95400b7ddfddbc558d54a38610c2e393cdf23dfdc96be77871cc8b70fc82534087750e177b9849e6a38a50cb869b83a647e2ac8fe8c6c4e91a710161c4e5f150ec886ef391cfbd5a56bb805b4e492d4f6edc93d9dfd112c3c572eb01cecbbecc5133ee12773eea051862e70a49ce30e4a1c2e3dca0564a4a0761c5a306af3f971424b5f0b3b39ff51f9724f21806d1e9012e2221889f6c9d3c9669d5ef9738e271e27df61c179cde9d5ce5f38ae70ac3d6d6c7d0f86f3caffbb1fc4af424addcbf2b269b16484e49a31cace2bad9c06db89d7f250ec9cdb7b5af7cbe6b95e4bf8cbbbf8d3e36370f7accf6ed108ea010ebe366222dd9ccf7e6b9fe2fae3f8efebca1b6f6b7575ae058eb6eef0f0e565c47b4695fedaefbd474d4b98465f25c98b2493cbf066a406ca29cba450f5f928b70ca85d492a22c89f52ee496baad5ad10ac37529ac0849ebb352db668192a61b6a9cb2da7da582aa37347b6d5ee0d73e6a1714bdab017c0f68d48f78cc1f72c55b0998c32b9c5b2433372be58ae2c5c15e99f4f5c3a5a9aa0d6be32c91bba6c6ed701ed699782bc3e858d8032d7fdeabcdbc7ff7ac136a516f1c273fde4bcb1d2367d95ffac6be057a1f1d7a3cebac81b4ee76f0b61b777c570375bda3c56b40985988ef5b17cfb958e075437504df4b5822257274a432e41cbc16415737592587b39950fcb892211820e6723ebc15670b8bb178f1d3c92c021f046e6ee975ee86e0778b40b6764d43195f86e03b1e5a9056a1b2e260ff006850556fe3e0aaf8b7c94643fa352bb2cd23924baefb000c2a1b2a352e15f2d9a5a266d31274bf7264e746c17766e1a0e48c9acb76f7481acde7125d6dd60e3cadc960d575d513e6edc6fdc1f32b97bd36e725b6b05f485c9eba6e428dca91e84e8547f6150eef68f400ad9a3b96fefd519c651846ba6c0c3c528e33d9947d63eeec80cff45b67d5d039973baee6bcf5faf3fbbfac03a43d389691bd4d3d23e679c9bbe00ef24e03603359450bab249649ea9c3ae9034616766363748c73cee5c7bd75311b7c53fac7e79b1543c8fbcecd29716e1cc5fc974abaaae4d1c3ae10d55291cf07291cb2084b6aea30e4fbf885c1da155f79be8ac24eeda3518b81528da5583feddfd7f2540f649f5a543bd9b7fabf45db36a545fb20ff00a8fe4895d1e2aa67721e68d6d3b9dabbd141a675033405c49ef5756ec4a564577ddee239a827306cca78622e2d1777359935c1d238dbc0269549eb2e065adc5bd57bee81c4d3464ea58df8269797352163f252e196468d64189be3c3de02a5e9e81e8e6d674f0b5dd92096bff10c8b4f22b44a99db889ee5e56cfd790637b4ddf6be23f6179c76d59d8c5ac637664e61c331e5faaecf8db31fd6551ec88c3ee3071ee5c494e00378f11cf30ef80b2ec3a0adbd91759d59cb167677c8ab651d186839647bf92a0709f6accc68b5ee19fbb2a0ecb9f7c91c6f7f540d71cc904b8ee1b6cf24c1ae6b31e2c19dafee538581a82c7332664de2c53d1b467af04008967c0e91a1a6fae25a6d1c1617e6989a1323ecc279e49144ccd3d9dfd07776c9e68770cd76890f8542eb019f144a75d5b8f7268d637072f9a20145457b1ac36c9a3527e4bcf1b53a498cba381a7917badffadaeb0ef5c1e23398e0c26e779e7571441767e2b82edc7386ea3c09427575f990b9c6c9a07a73a214c5947203aba5ff00ea16871bf73c324671b464d97c85ce965b7ec2c9b5e9b0d0c600b27ce9f130b6fe0bcd4af2ef3eedaa171ab121cf87b952eb4e08243ca37fb85d7a0f15fc77fc5fe5e57a473b0fafc4a9e49335a9d18a6d44e92624a40e24f34752d3be4998cb6af00f85f3471934f64d06caa089830c6d079a1abe9e9c9f15d4f5628c1b6d746b08eb62234de69f92c6716f907d165d4362cb039b6d15be1c36bdfc9647457fd934973d61f20ad6e845c972b69657b72b49160a9f1438724e63a578ef5f037ffd83e057b829a4b40cf3f8d919797d966b859e6d4848c338d62d7f0f154d15b3747047d6485b963c0e3e245be415bb6a33034f702579ddff00a78ed7d569fb2ded85ae70ed0f8af1fed932f5dd5583582479f1b5f55b3c66e1557e23191717548fa0ca25eb1b65db6fa3ea2ae2702c906175b5f9a0765b9ec8dd8aee6df74fcbe0ac715a92a62eb05ce42e4f7e997ef9a2657c0e75fab7dbbad9f7ea804aec86a1afcf16104daca19db0be4cb162fea0395d3996ba64f2b7202d63c9331307b8ef8272b8cd01d91f0c0ceb8e0f0fd42d63159a847a26a978c82e634f677f401cd087b64bb84a30d73bb23cd190d27fabf1220b974f1e76de3fbcd62bb6ba4d0c5bb9c9267badf9e6b3eb40e30aa89aae77e291e701ff00b61c6de9a2970b46992f395d8ce5c9721fc525a1d6250a88754d48e71b9d15b8b191b780b734d26d6e1d1770751e2d4191df00aeec0db96f1bdd1b7c29ad9baa88dcf337fba07e775a36cea7c2de78acb8be6ae6f91a0b376279eec923a3a8cc71d5715c50db7583e8ce7722d3ea40582ed8737e8729ff00f5bbde17a1f14fc767c3fd795c9681e8ab93ccb5ba8af1cd37a6d9cf79ee4025d62d92e0dc80ee4e29a9c46e6f17022e7deb467e93a690f9a570ed58772fd66df324f25de71e1019ce2cf812b2ee915334b98630d1c09b0cfc563d432551258a566adf36ab46cd9e3738027d5719d76c3f4c631960ab33ed1bf128da7aaef518df74b2a9a5997109cc748363c77ae648fd1af0bdb306707aff00c8ab06503e2293d4c4e742f6fde0e1dd98cae3928d4c928b6f5451d446f93108f28a4b1d4076ec8dbdb2d43b4d17b3b6c06c95b144c7b1ed977aed3a345ae0ae56f3faf2de48336c44e6e2c2747643e4bf9f9d247b1ac0fc4f0eeb9c0e5adf16633cc2af1030a3f55547da8dc32e27f240b9cd69b4d881e059d95d97520a8df4cf75b324712df995fabe4635a39335f3d1322945d9f4f1bae5c6c4f0feeba7cafeb0b5a4b6dcd26c697e87ac901df69f3b211d49837ef9f7b8f826b17134954fb0ecdf8a06aa37b0077de1ece5c50b5342a1a66070b67657428d955591dbe79a322694c0bfa06eb78951b69dc75f45dd63350d6345b41c9572bf68c71445cf218d1ccfeefe4ac2f326d3e9154caec105e361d5e4667c01d150994ec692eccbceae3c7bd79ed575f3916a2c2573db1d600a275d4817e8e1793966ad94db3da3376653c9ab0b8b437959671b5f6b53b6337cfd7e4ad523d63d1360fab21205b18c56f1b2b354bf0eff00239aa7499255b7e9553d538de26e72d8f31b8cf75f25e8ad8558d96998ebe76c2fee20661727cd3f1c6f2b6fa36c4e185d98b2f2aedbe944145b55d0bc3bab16cc0270dc037cb3e2b9b239795c2a36f504db3669bae63a221ad601a925c00dded5eeb10da6d2cd9f336e4da3b82795b3f82ea78e3b3e2cbc9ceab1e284b82b6ba879474ce7bf4bad829e95ad09670b735206cec6d41e3870fc16cc7d64dba93696470e44dd75f588ddbaef382af4d5cdc66d7e192a857554bd45ff00aae065df9a45119529648d19f0171e5a2127d9cccc8dd3cc2e171e8895f0d4f075fc6ca2eb266f68140a32a5da002b4ba78a419e68fa12b108603c8af52f47f3d9f17e13ff00329c5c5dacd496a24661d05d09cfe68749ab6a1b5f2c65ef7331687e016f9fc23dabff00e59f1bdc4e38acdb9274bdedcb50875f1e6f6fe956d78461bf8fc17f1dabab259aba76bcb9c239a40c3c80710058772c1e267f181607f5b805fb867e2ae6e6b0c78246e1b69bd7b7a15db6f8fd4d33991119bed7b1b7b8aa0ed499e6cd172ef6be485a728b0dda7138e7a3b2f804844c7acc9f90e24220f463216b9998173a6650f2118b086e9de8546cd866b5c616819b8e4bf4f52e78c21c5da7016ef08cc6b1b3d8ebdc0ddcacac78b5f0519d56731358c6f01e2880fe86f56d010724cc683c0f9aeeb030edabd2e88173611d73f983badf179cbc82c1e77d44d674ef3211a65858df06af3fbdba19cbf1c4b958dd274872f4aab445aef14de0a095c78d91c02f71d34718ef514f331adde4f218b57edb762c03327b2dcbde522fabacd0e95d77922ece199cb3192168f8fe8b6ce8b05346340d8dbf05155ccceadc06f712741e3736bab6aeab3b12947d1af82c5ce71c5c5fc038df4fe94cf63638ebded8ff0097230b88fb928232f304fa2c5e4f8c7b9f8f4cece71c59f9af3af4b76630ed0a8360ec5839698065e1aae6f89c7f17d60f1ec1a364ed90348c37386e70f8daf657da87892965ef639bea3f55da7a679fc6c56dbf7deba6ec46f14077178a78a18f2684619101a1e49c359776aa95149197127b47c7c8ae9f8dcaf20dfa33e5786c6dcf3b9f0d4a4b510e116c598bdd75f8e294c7571c9961cf815a143b003a9f13bb564b902a4bf66ba18db23331ed8bf1d2e9cc5be0659ae0d7a78b247b372cc21a76d3372c3892e0ca24d97472b371bf254a9f65cd19dd255041b6a24193c735eb4e8f3c7d021fc2eff995605b2673acab12e2e39ea9f02f286ded9ee3532616b1df8ac3d0aa46c074d43b4e9e67b446cc64388cf74db922d4fae2ea3fb03b72a636d0e3272c24dfcb22bf9278a564b2c8c0c787bdeed2c779d7bdf8ae778d9b1053667befbed6df80173eb641c1b3aa5b3e2dc78be64ebef5d66f35da33d9b6d2c0dfcb3540d9cc123dce7dc5c8e3f920a6e622a9389f60d18871b94b851bb1eacb141d53e7d0aa40271b0f2170a16c2f6db102dbdf4f9a31ac4ca07754ec377657b1b8506ce6305c60cefa5cfc6eac86d0d6e16e5c382f870f5449e29c5ab8cd0a3a26baf7540af6a6d8e90d2d3838dc0bf8305b178e1d7bd79fabfa4157511b9b6ea98e041b5f191cb1704ede979ca83146d6b6c05bf7c51975c874910695cc880c4175f831c7219a80ab8526cee2ed72c95bb4192d0491d5d731ace0e3fbd4ac17696d69a47384799e245f2ee68442e2bc69875389cc37e6d39e5c4f24447b49f78f16fc40b6e6d9e479a20bd33174e607ff002d8e386c37cfc8595b995fb3aa37e79adfd1d88fd353ea96dfd5f6bb6c53b1b7c6cb11c08e1cacb39d8bb6aa0ed266e88e1cf81cee40cc9d5274cda7bce8583e0b1fe92b3ffc93c7f433fe21723c6e0f8feb39968d9aaae56ee51ca46ad63c81cecd5de7a762bb2b6a75b0e630bc645bc7c559b78a49d9af8f7300b970548abdbb1b459999ba58baa554ed37bda55bb63e0706487516047815d3f1fd7276dbdd534ed8c960deb3865de160bb41c1e4e1e6bb5a7205ec7a4617e7c0e4bd12d3088ed7532263af3b8fcaf81ee691cc5f550c155037b20dd79ed7d7a7cff0e1d5dba91606906eb30d568ea5d1b958e3db4d393c050b7751b3a1923bb0dcf2165b4ec06e1a38dbc83bfe655ad659ce6ab9338fc53e12f30ede8ffc5df13c5da34d353ae4a9db6295ee82e1d7d6f64f72eff44d57f12b6bcdb31b42eeab00237eceeb08008b5f1e99f243c75b0f54ddc2e200197825672c7de04fb437eaa27b39bcfae49e6cca9c50dddda65ee7f344d8a8d731d23f05ed7bb8fefc927c5d57fe520777e8aab48c747477189c5a5dde3de9654bdb18c4c0c7f0be21eb9157c23d9d418e46371b708cecebdbe298cb4400177fa91e4aea64349572b5a4775b137b3e6acbb3695b6681ed1c44fc9413577b4e14bab5bf660273392d3b32b26ec670510d3ab6994c8f25f23b573910fbae4d74e06c375c80811163439ba2599d3d339eee3657c82898cfd5682aa69256b75bdaea915f5f13476ecdcf3f90e6985c8c730d44bbcfca3e06f6d503250b237db269d6e0a0389e5735d962f123bf9e68613869b5ce1e7927156353d834c1d37da02f1886fb6d6e1a85eb4a5e8eeca75f0bdfeefc917148e4e8ec600d5faf24beb69dc0642ce6b491e59abf503d59d1edaac929a3941d5831773ad9b7d551b6dcb8b6ac9dd1b3de02f3f8fac389faad3ddc152f6b37152ccd1ff89ff05d97a179318f68b381de1c7f3467d6eff6413e0965c0d2b6a64ed9b0ee53336483cd2cd5822d84cef5dcb108726f72d58fa46be1853ed4780465c7355a9648fd9cef7bf9aeed70d75a499ad6e48e15d9971e1ef55d170828ab5ae9e569f6b3f8a3ea681d6bb735c2dfd76b04eda692e9f454b25b359da55f9f663f168548dd9710ed3bd48440046ba26bf053efc84e124f61bcce5afaaf436cb6b990b5b7c66c77b9e64a3574f27392ae4bd93e68c358ced1603377582afbe999848d2eb4390cb22e8b31b518dcebc7cb2f8faab93eae961185a2faeeb3e6acb90bf055ceedebc717fec88958c89bd5b465625c4f2e696d2a4d3d4873a470b17e801e4392823a9aac76ea87faafea151bc2a9f66c9d66ee7f892f73a30ec0e8f3eeba63969ea217e3c21a5b806413ca3a6639a19276bd9cff00e5750ffe9d7d1591c6fc3c5a7de139d9d0bb1b0726fcd0b4e9a5b9b964abd5c6ee035464878997f24c99d844869889e0bf10b8ceb2376886c4a94fc390d4ab4d3ecd75eef4e805bb0dbb29655d6c6c6ef66797ef45a59eb17dabd23d5ad17716f0b9b77f8aa6d3c7d63b1b9c4f8b4fe685b72b14d5b39766d3d5e849b7c125a380f5dd8d7167e27928ae1cf5f1b21c2f85a4389dee26c72c952eb678643d9c186d60cf8946cb22c9b33ac12b5cdb341b0e3c3895ea8d835bd630b2fbd9e2cfde999a0adee929dd1c64975c64b3994c86a8701cd74344c549acada2a97d4528eb44b7c70bb4d6f8811e1ef57ba1aaaa943e7a818669482e60f603459ad078e4179e93f5ba64c5cf6aa7ed16b850ceee713c799160b4343cd34fb11b6bb8df45721142c6d8046b761d1f24e58e6a59821c72b92a8f23048f247804cc93a67d52f9319691620afac64c05b013e6ba56b8d0432bc3640c7de371fdd939ad8277e86d6d08cef9710916b4f14a860ad8ea58f91f8816bb2b721e2b6dd9d5a6d65974d1e35a7af4b6499f7486f7e6d5b8c65bc5671f416603dfa94c2342b0b5adb0ee5ba6c7909899e07e253694b354382accda2132b1fda6c6b9cf0790595c669483761bf0cce69ee654b252d3b5b70d72714c270373039a7caca8a5a58e761de1fb0b23da957da3c643845f41c0aa3240d06cd688aeedeb8c9c3f240fd2a6171adb426fe881b5d3aa5d25811669c8f75f8aaa4940d6df7cbacfb0006bae69cc8bc455d1b61b105c461b5b5cb9af85b1ca4bfabc44f3c87e881a38571cb219daccb0822e06992d7367768bb87056cba59f03adcd551e0ba52ae80560c251f8774f7abca19a88f72e53b484ea898299ef392642577868a36779e69c63cbbbf7e8b410ceb6a57802cd397de1f259cc78e518ee434bb33c5dc3c8210f1f2a366b5f7eacd834676f8aa2415af89e6c4c84386bf24c4ba588d4cce63f1c6fbdef60a842998e27197375b8b77e8881d6834b574cc88644db2b9cc9eec295326864796863813d975921a7343b7e965dd49cc03a9e17f8f82df3a3fb3e48c3436fadcf377e88a0f55ece84ba466f5ac2d840f89e6ab3b458c6ba36b7871e6bad7e39f92173dd751972e43b482dba4f90f5552e91d73638e1872fb47171f01fa82854cebe92cbf34aa7da6c67b37421071ed888eadb2b0c75d0f05432faf9aecc238fc922b618dcce24137f0cc26b3e882a2adf2da4f6f204f871b7cd4ed7d416e8d3df75b1cb9423f6607c81d23b116f0b2b3f0f87a2a1a93b2e9e6fa7b9d2662c6d99b66792d0277005657432229ebb357264cd735656956a7616baeb9eba329c07e7c0db5c1bad376493b83935dff229e158ea1c904ce540ac9f68385ddde179f4b9a1d86e6eec87e6b439541d3525ea1c2595cd0dd07def1cd6a1b3a18c5c456efc47e4a812195597363c38ae5fdda2c627607c877f0e0b01e210d6bcd339ea5ae2d63998dc19ab0e5c46639a50cc9c6d607bff0024b493bd1bf58cb10c2e02439d9ce6e9f9a326af718dbf64dbe5c4f2f04c07a9531b23dcdc8375f2bf0bf256a798594ee6b8b6fcc1efe4a97fd09b1d90e65e3980e079adc29e2608b7493e288aa90bb539aa36674e2a5434ea9d6e7647e2f7a24317fbd719ae5baf5668766bad7764aded606b6c05bc2c9f19014d23476f25976d8db8e6c7971c87e65196cbe5a5ad71ebc3c3ad6dc17f520e498b1b149bd888c7da01de57b2a6afa2e7653c6d76173b060decee4f3e2b249e4a40c223c772ebe23f24e73f585d681958fa7244a7165dabd90b53b3e50d2e76f3c8f67de4842a3ea3adb31ad74218db0dec2dbe9a928f76278fb31dad5c3bbee819fe24a6c8ba5252c71b985e2cdcb2d711bf69c568306d810191cdb1bf13c3b9481ada5db4e88d1ee4ac24e1c9a733e293c75cc90bad7dccb35be95123d4cd692b0bac363bba56c6385c93eabce5d23ada59b68b866e11b5b10fc5725c477676f245192aa6ed9df75ee08f862959a86c9e1fd92cc82dce864c8c76f16855f93664a3361f2cd00c3b2a9ec76fdff7e298cb3df03867a0f5c9342cce773d9504e57048b1d1c3c39e693babdf8715dcd6ded7693f2e0b5b99c7d86bb70d9d8f9ef1f75d1f45b46605d775dbc2fc3d55a48bfd0f5c612f73ae0bb76d745b69667bb5f8ac2e864e59b3e61c9306c8e6373d551eaf5556dcdb52b8a5a29a43f34015cdd4dd4c24defa0564d8731c2e69cdc3e69ea5be67a49239113592edd0701b72fdd962c1d03e50dbc913b85c0cf2e0568736ae94bb2a569deb4878175b2f3d4ab60a289a3116807896dfd145a81b4aa727b85cdac1be76fd5673043f79a6f7be2fcd2da733f0efae0e89cfc26edcb1b6ccf76a4e6a9c5db871171793ae7ef4deb26bf8b91645b9beebd8e44647c095547cd93aee24b6fbb99b79aa175646c2f961b6e8c9a496dfc73ef403aa64193037cc6796b7f7a16acaff00b35acbb32cdd6272ef5b439a6dfd946323ac7b7ab55c8dd61903e2a510c635f7d72470fe60e47f2448b1c14cf2799573a6a2c39bb32b9b1d0b4f317a2a7566d68db600dc9bad25316aeac926bef1eee7e6a93332b2022ef367707dcfc508e68ea9b6a48e80c78007b9a6ce195f3cf3f0547653c773bed06c7275f34791ff0016bd96ca72d731e0bad7de27ddde97d56cc9315e202dc3111ee051719ed3fa30f6b49964ddcb75a3e3643576d587061639e0e7a657ee483a524d9b048e96efeb5cd1ecef1bf79e0b6da4aca58d989dbae37d586cdf0b0566d38a6da3d7cdd5c585da5efcb9e6b6aa7d954cd658c71bafadda0aa0474dd97420dc451b4ff4b1a3e08b6b18d1ba38e7f9a7d352f56e475ac2fc3f79203959db356e8366cb2e62492cd681addc40cadc866bcc2f81a18306f3b3373cf89279a3647e6cd56c17232f11f9ab8d3d583e3c920f388f15b3cb5489db42eeb373f23f3414c1f6c6ddf665cec1532aa92461386fd5fefe68a06aad530c2f91b8b0e2b03722f7eeb1554616994c663391d308b67c48d16d70349aa28236b7002d888be7967e3cd55e732b3da63fbf9f72ae99eaf536cb89a29e0b8ffb4c3e65b756cf2595d9c9655d6c31b0dce7c166ef74d33b2be15067d0d1323177d80f8ab0b1d23fb20b5812d014f2e37003b2d76bcc8c919b3f1b6b3fa5f71e6d0b4c646813b92173bd5592cef6cd546cb62cefcbc792adb2b299ce38e3371a1c09ec1afa7b156404ebf10b9da13618b237c46d6f5516c5eab7ea191dceef2bf1cfe6acf2d3451f6daf7e57bdfe2b33a37f8a7e0c44868c235b73eecd1316cfac9237111e1cc7dde1e69d19ed07f42aa6c7791b669bd81def316bd90cd630dac308e26df1e2817ecb252d33c1c59106f930d9de36093c9044e943598f1dc6ebafe77bf75d5b448d7a8a23d6eb60d03257bc37726b02a1b54db08079dd238bb4754b30f631bcbe0ed276415ba323631b90b150cd346d697125646965557b664b39a1c2fec8d3d4916591bdb512bf13a56370e96c3978e59a874841d4d4633becb9e45bf2473db2b9bbee2fb1f6bc340a83ea0676cb161c396b845afef0a38a1c4e2e9586e41bee9e032b5930ad5fe3f432b0b08385a33e07137bedc57c9a663a3ca4c4ff0060b721df70985412d63a28c92f3de33def25cc11ba568ea585cfbe6cb0bf88c592435f78b3966d763edd6160c80be0f436087a79b683aa7ab07ad7e630160b1e24827219669637a8b636cd108de0deb5dad80cb4ddb8cb25a7c8e1654686c9058b7884cab110349246bc536818e79047f2c5eddf6d4dfbac4a8279db6e6d96cb553b9af061a6c2d87fae47583dde40b867c933d91b0229610e7388bf01f9a1dfe38dad2d4fe86c7a36536e46eaa12746368477c2d64bc8e268f712b07bae6c6c1b276a487098f0f9b3e37524bb29d1377a222dc7f508bddd09b2f0d01bda3e0abbb41921a495cdc58180979034f13c96ac9f58b54752fc0f209b611885f2b1d72f15dc948e3bcca9658eb7bf90395d3d829c3362decec6c7789e5e6ac2ed98fc3d88c8fc3efbdd0a34f647b8c032dd16f203255baead989eae3cde7c3e681bd536d3331e2a8933fba2e7e0acbf5bd333f96d27d7e6a08553bb1bf14bfe8163e7971e08a756b083bf76f75ff242b01f4b61c9a0f3b274d92d4cdfbed7dcf75cd8fb96acb1ad7553b6ddeed3d3559fd46d2dd22369964cec07641b644b8e5e4a0158a6a3924dfa865e4f1d3b85b24e1b0d3349b65e2531887c74b4ae38b74e5dfeaa8fb42a9a1a5c0697c1fd908a4fd66146dc52622d7924f0f9ab3d453d43c6eb6dc0ef5ca4ba54a1d4f50d37ec69c47af72299b4c359fcc173adbe7928cfb1df4aab79259678d066df8247216e86f8bdabb72ef4c37316fa7930331ee965ad76daff009aaf52b9d2d5190389001ceddd6405f3f1b36cc77d97339e6ac96165a18d9acfbd213debe443de914e1e3f353c1aa76496f98d845b102a1745196f0cbbd626c2876cd84fb21259f6153916315c0e19fc90f44ab3ba2d438ae2320fe277e6abf57d188cc76692d37e65596a27fd395cc76eb89b697fc8a93aadacc71bb318cb80f3e09812f9dae7c8dbc0f65882e384feca82bdb4e6c585b903906dbdca9ae43a6d189616ba27b496e4f048e3dc7cd731eccda50d9d1666fab73d79a83a82a45739cd6e070792ec85cb9c7981ff002b2f52ec4d990c31371672db7dc7bf87a2805c9d1b6f904d2cdc2ac6f85a96988defc42bab1d36ec797b5603e6b3fdb5b55858ca185e1923dbbeeb8bc6cd4dc702f1d9f150158ed3ec2fb710443106dc9fe9b8b973cf0cb3cfb97a169a3640c0d6e6d16b9fbd7e0dbea93a8e058d2e96663e3d0b4f785f241bba67e4b83617ea4ae90b7304a75d646f841be206d7bf820f5570be2a4a46ff00db61f1e2aa7d27d9548ed9f33a00639030bb0071c12611d9c24f1f92d78d15355e167ed7aa0cb18ac0eb90c9194d574c2e7a8274cf3cfd5779db823151e2b39af8f5b76b8eaacf4e61c070cceb0e1f2cd5271768769d3b9cd0d918ee160e6df219e5aaf9f4695f306c4c2e73ae4dafcb4ee59b5a6eba3983616d03ff0061a33d5d7f8a6157d11da0d65d818ec5a8e5e0b3fbb15f228668eb71b45a40e1936ec3e9a66aed4fd14ab2dde70673197eeeaf5b375ae2ccde89421b7eb5c5c00547acd9b50d2458b8731fa299db2cd2a9b662addc02fd580dbd867eba84a5923d8cb462c5b9e1e27d755d0c886c75b53625cc7b073c397aa39a58e6da4603cc8fd119dc30ae6b23a7dc006236f559c35c1f558716e44cd0f90b78ab4ca19e8039df664b43b437cbc9579f27d1dc586525e7468b1f53c2eae33eaa1a7ac99dbae6178be787ee9d473baaecfb337eed8de187c72f1ba6107d1564119dc89d872decfd533a8aac520ea985dcc9191f0547e7481d4b8dae7358f8ce77049c279dae9d6c881cd89b84d9ef272f025676abf2b698a3706676ba1a5759a9ec8cf33bf9a363b241a3adaa9a27356885b5e8eaf673bda919f887e899320a73d99987c5c3deb92e97a980a793816bbf09087eae7fbaebf815658073ea316f34ff00b4a85e39808821b7116d6b2da1448e9d030f8f0d157e5d994e5f72d17f2460241d1fa604d9b86fc45c2543a34c0e244b2e7fd5f2446addb3a9a6654465c7135b8ac48decc11995a78635d7f13fdee8cc46d8661d9f7a7d142ff6ac0a2105a8c85f181dee23e2550a7db9b2e36de4a987f0b1ed73dde00210b0eda5d3e9cbb0d2c5cda1ef0775bc2da67a247b27643aa1fd64a4c519b992a1d66f3c9ae39137cb256c95eadd8ff57c749d5c5f68ce373befcf579fbbe5c968f6a3946fc63ab66673e5c07e49b0a547684b4f7bd375ad1c4fb1e19843d2d6dc66e19f359ab67a80af9f71af6bd9233933e045d77b22a62eadce25da105b6efd52fd7f09f53ceb9d803b9f15f9ee0e6d8e875f3c8ae07f5e7bf5e1ae906cf969f6a39806266eb98e7df89d32b0cacaab3b9bd67dab98d2ec835b95bbf35e963bf0ce9aae766ec71e2fea2c738e5c9c32b14c3eb5ace310691c73098d7ecbcf44e819356f5ee85b68ee710d0b88235e2bd7f4f1b1aeb80012b81b70f7afd5aa17a0a7ac775dc3abb0d6daf12164c67acd23b93339e7c8a8ede2916921ded5546490c8d7b71064919233393bcb5baef7863565977d3e8df8a3eba31202418dee01de449cd53aab65c762e2ec2c1fd4df8ad9ebc699151638df71cd923f1efd39157aa3ac792713731e9e89ad2a2ed2af687bdd9bb0f66f9e7dd6f359bc15c64b31f90b9389a0dee7813c931b726d26ca390eb491dde3cd3676c7a7c21af75aded9b5ca261b967f37530b832290976337778f8279b3c4f518d865df6f62ded73bf3e0b47191c7d58e7645a5a5b7c423bffec0df92360da65adeacc46cd19000f0caeb39f9c9bcf235d0eb6c645da46fb79d87256cd954edeb2c330c1607c929a35fc6884fbec34559ad781a2750a9ad1979944b343cd653c696e5e88b8635ae328f237574c65ff55e75dee9ab185ba13e44ae995730be17bafe2acb3666d9ad68ce5bfe268470dbf358628637f7663cce48faae2776d865b7a99be0d7ff00fd12afade8fda8e5678383bf24dea706453ecd932133987fadbf3bab14343111bb346ef14c64f531fabab19a59c12691b383d8f722eaddb647683529eecf7e1b8b7926411dcd346c85d23ce16460b89f0eee2b281d2ba897f914f899ff009257e1f46807e29c9d6795bb22aaa24c5533992dec37759eed744bdbd17a463aed636fcffba8cce6a7a3713cf16fef95d7d9ba39348c6b0ce7ab6e8db1c3e36baa4e346d97473c0d2dc61c1c2c4f1f2573a499d8cc7d5ee76b1177c94e9b23f6d4da8cc223cd807ef30b2aa89dbd6626e3c384e1cf5e694d1d3d9f6b52474d7c41c7eeb47bcaaaec2dacd7095c7da0eb34b88e3ae89d0ba8a8ba6fd539d1b8638efa5f36f7836cd6c145b628266831cecb9f65d93bc172b5971ee541e94fd1fa8bb9e3130e439e7a5d79ff0068ecc7d838c78db2661cdb5c7715b315ab33f11d3ed2ae8198732d36b6438232374b354b18c6e6fb768e97d49c93b54db1ec6d9f48d8606c607640bdad99e27d55a5b215e7b57f5e7a97ed1dacc8596bfda386e8f1d0afbb161eb2c0beef75c971d1bdc5773c51d0c1ed1d48702dc61f84901ff7adc915d615c9f2679592fd72d37e1c5790f6e56c1f4c99b8c36f20b1be96016af09d88a055d2472459d9fad9e06f8b77aafecca8c208c2641a0c4ff91baea3b720d9f6842d7efc0597d37b23de000984db4a95f93bac8f81737e6101fc53ea58f692d0ec5c7f678ab05052d5b5b8f0eeb8677f54c1d5be6609a94bc61639b6d09e76e4aaf1d3573ac242d0399cf2e76f051cc7eadd931610e2f6e5ad9a478e7748a92ae38e4bb187b8877e88fad589d5ba1db38c902321e7883daf14c64a79248f5105b8daef2822b5f8ad52c2cfa70bbcc96be76e416d5b29830b8b46a4e489974b53b3d782ce768bb7fcbe68d217069b7985d46dcfccaced03e4e1dc07bd34a65af2c66223e68ac4179e7641bdd9f72914105cdc72f55d8c8587fbb9a11a16e635cf89506f5ed9ab833106d928ac3903e483a8fd81add310f072710ed3aa6e92badc9103d5696748671dac0eeeb7cd38d95b43ad9bb0d6610745a3355c7edb6d8faa05f7c21d9dbcec55304b417b75aecf3cdbfaad6cc78da185d7c33b3c34f9a9beabade05a7cc2bf65710ba9aadbab4afad7bf8856a7cfa436e8b12c76d0def7b84227cdd24df5238ae9d0b1d86fec82079aa093ba821b761b97141c9434e7fed83dca75443f50d2916c08293a35467d9b1e68c3ec56fe8c43a758eb2ee9760cd0b8f5736269f65c3f554208ea0ae1a39a6d7d5bfaa710d655c72b1c61c44586e902fee425b446edea5b125b235edd5b6f9aa7d674be62d73218bab7bb491c41b77dadf358265cb9e363923abce273e7bdf5cb5f7e49d47b34f5181b55d59b971001deb8e775d7f6743d4e6899550d33c452065fb42ded70239714f474faae1686cb08a91603107e03e963fb297a9d66b91dff005fb2661632031388d5c71f96402c2e7d8914926a439d9f67f549ce558c238fa9a696d72f781e59f30ba8fa97bf13b0338829eeac861f59c38aeebc846ed872b6a12f9367b480fa7230db47bb78ad31cfb1f8b1bd5032383cdfb03d9ef55e74cf739cd6bc860be5f0c90c68d7c861036463c06939b0d9c465ced6e69a4924a600e0f176defbbdf9e69bc64f62c8a479933631c41be22785bfbae678216efc966e33ba01f78f7236b95638b6ad431f8228fcc0be9a1f7af9f59d7bdd6b0073f72ccd528aa57543a37c8fcc9701a77ad8f66c4d11345adaa373f5f4f4c6fc26de4b30aac5d61beb924e971f2e6cbb6337928d72eed9f129fd30cd6ecb31a39f97794bce22579d765164029faacb905148657dff000f721f5f0504fd82e119ece8a283b745de256244d6b948e7594185373dcadbb22adb1545dd7cc5b252539a56d56324a492d7ec9234e4bcc91bdea6893212b865aa28cbdda2ca6086ed17b5d93de3c0ab1c3b7ab9adfe6f1d085a3d91628fa4539b62631d7d724c9db7e9bda87fdb64cf62b821b5fb31c4ee4cdcb90fcd04dfa0b9c7ed48b5b509b345dc8ffa0427b33479f327f2457d53576dd7b1de053ba4dca1343b407b374361a969cd872d5453b73b3ec9429959a5f9f04650601bf7ae988a6186f967de980e02fa33716a8ffa182510cb24a2889cdac36ee4b65d9d4e72c37e56ba1015c9b059de3cca4b2ec490ff00ddf240320a8e8fd516102423f7e093d2f4567c772ec56e0495425a59b32b03b28a2dd239ff00c9015140e321c74fcf3614d5755b9b66b0b6fd4bbd40f25599b516639b86f95af7e7a26b474131d0472622d79e61cd03d2ca3821a57caeeb1d606e4000dc5ce84a63270db1d1e2c3776e8cb17c50751082e23aec40ebcaddda140566237d1e0b18f3d2f7196b97345f56d901e25ba83ffd539a2655ca096781f78f161be62c559beb36c85f6bb5fc2e3d50d2a67f8d0e8236ba4631c7400f1d6d75afb99c8a5337f555ab970c7fbf72a539ee399d724bd1f123ad6f24440dcfc2eb3c1226b7789f1566a50ba8539c4852ef5e1fa2f38eaa5cb53aa873e254350bdc8811eee6a05285c9bf7db92b006c4ef2fde8a4b2a13a7eea0dade2846f8f28b616d9269b073def2ced1b71cce6aa3d53780c900ddb62cbbd4786e96a0ef6b510d1bc3e0512cc038f9a9b070e6ad42b7ef85a74d57388e6071542498afe03f792edb23b46b88f329dd0531fa7cc3212cbe4e28d1b5aadb61d73cf89bfc51fb17c388fa472e2cdb1bfc5a3e29a336f41edc119ef164f9a2b8386d3d9ce19c2f16e587f351f5f40f39191bdc40f914ef62bd52f51496ca61e775d37663fd8999fef4457a8bfaaeab0df75f6e21de8819e9aac1ec144be21c6f1da69f4433aa23fbae4e29346e8dda5fcd7458dcc950095adcb52a7b3535403ab0e16b33d021be8b15fb0cff685503c05f56d39d59ee08676c8a3bff2dbe8d446740bb615216dbab671ccb42afc9d16a722f6603f87dca9023ba325addc90e63424dbc002aab2f46eaf18b3b31c4289d3c9692b03348c9e607c72cd21928262e69744c041ccb7fb2b5f568d94c7195ce20ea55f6eebf1f04e635476c3f80e36f8aad8615934d912db23dc11515834a5403a89aac703352ba85175b3d33e4a46c761739bb9725e75d6e0417f32b9e2a284e023327f44590550833b893a0e080d4ab4306463cf92edcfb0ba822cf1cca9dda24d31f70a90734a47527ec21303b92039111cbd5721a4e99215bed86600b9e6a07b7cca817e19354ccbea7b47444866db35b6e2ba6f650ad34d82d925f95bbd38b7e0ec3aa05ee38bbca812fdeba2438d8850b746436241299d148fc1776a545c14e9b2ef53366761c3cd11a91d59207345c8d3895621b4e76b3b6fff007155ec015f5ccc066fbe475533ba40f1ff006e3713c3085abd8be0f66dc83da819fe946b368ecf776a3733bc26fb078e9d57b389b75ae6f759df2083c3464ff9818b85f17cc267b1172e3e8129d2561f30a4fab6bef967fea1f9ad1d66e23ea2b41de63aca62c3fd43c8abea91c8f68f68dd462537e7756010f9597d51adeabdaddfdf729d33806530dad7f728dad8b4d517510be0667d903cbe496c82c7cb24d2997ed09714c3c47c50b9e2b2c75ae251a9f108a6f642a82a9d833563841016f6203a69af3431c59df55c17603782243401cd0a0bf1f45f8db9e9c7e4022440fcce8a111ab0a67c8d1de541c331771d07cd26d10c642cb77afb340d68bf140602eadd65d613708513b99dc7b90e7c30f3427170f77253758cfd0205b9bbbd945b9a0354092359bd7298b3873e0890c9bdfa95f9c322079a15a06349cdda0d17ceaf8a6a21767e0102fed64ac082d99eed173a3519634c5f66ba846e8eec925689c5d89111ff0033f7c91086b987adbf729a673b21c4e7f922507a973479a0c0dcc5c4a05a31badcee99325fb344886299d993c2ea36b8b9d88ab445d712f4f69ab64c5da70f328ba8b2b36c54ea247fbbe68c6f482a7ff20f360fc91fb20bfad8bbb4d8dde564445b4a98e462f30e29deccdea33aed9df71e0f30e3f05cbd940ed2470f1053fd88f510e6c2349983c41fc946da575f292329fec0e3f3f65c9872c27bee3f349be8cf68b1cff7dcb4078cb2a9ad151fd370ba30fb4decac9450118ddf1461195d5c44acc375626820735be3214390b85c4d9705d7310c6b57ddd42348ff00dfe884f144b7e2d762c97e2ec239f7a585f23a7bef66bec6dde2502e1d451659a5550e2e778258c4b1972a789a3197705620e64d5de8abef739c0df8a158874449ef4475515edaa031fa4700dc90985c73390548f983d17001bdd5a8ea369b5d1126056a0ed07f7f15dc8d696dbdea9617a96e1b02509d46488284479eaa1a985d87429c519b9bba35d1014b7c36e39a521860def8fe4b881a0cdfbe4890c5ee188fa21fdabeb6c95895e97b5ceca473af9706aa4738afe489f67c55a3e169b06f3ba964759b6510aae9b88ecd54889ee5f43dcac029e7239f2524672e39f14c8a485cec5aa60c95f8ac8c0ea6aabc9cec97f5f9f7d9184c23a9232b91e685fac24bf6b33f2566229dc1cec46d751b6e078f04c657dc3cb34b6776f2d25d491b7e215b6319adf1915d0d2e28ac1f75709d7726f7e6bb68408e1b72ecd76d8c62cb3bf146b4d8780cf5fddd2feaf7adde2ffa2cf4c592601acb7a0f9a82287f5422176b94b266b0bb0f2d4aa53ebc7b233bfb97c95b616f55045326f1b700a1c23d3442b771b8807bd4584345f8a031d322f69ca7189c7fa1523970f45346c0ad0c05ac80d50046943b9c6ddc806fad17375f643ba5340e638876bd149203a0cd3148b0e7aee8fdd9738479fef25104f57bc0588bdb3528a7635c5c2e48e1e288b4421c89e27dc8791b823ef39fae4acd238d85a09d4ae5ccb0e6545076e24d39288230ddfaf3f820dc33ee516e2165dc99e1cd42c1b9bc81254b1b73b90ac00dddab22f0e67b9505346022a2b1ba7c096bf542fb564407737bd0cd665e03d53002a2d344c11c03ae2926ae27bd6824e98c4ea35b23354585ad6e4be8c9a5715da098c06aeb31c732a84ebab04d87aafd8893840b5b8a8829ed0d6e5a9baee9a2c31e2f1c9204025a969767aa318f2854edceb36dc4a85ce01b7d4a11272ec2de64a41239ee761f52a2dc61e1cb55048ee084639d84350ed07b4741a201080cc46e575f0511f30dd1c1966ab408e374660b215a12a3c3928894a8db1dcfbd1004bb45fa36e449d53029a48b0b3d3dc808dbed11dea946e1bc4eab9771efb2b5386b8e7dd649e4c4e76688c0ef1978a1dce163dc47bd0a197022f7b777aa0f436448e9a735c9670502ee3690d51f5ae0542d239ea7f6112046c6305d4b981cee84299ae36451b0678a7c55270d5d35adcd1148cb7de82e3e08c26c0eea0fe90dbd82201946723dc81676af7f25a40651f14da26f15ae134061b1d57eb65ddf15c38e9b8f6bbd48d604437c8ed7b04f70b591f8a4aca5bbf203ec8d13899dba7cd4456a36b49c5e89e46dcafc90a90e2f68f92e216e78cf142715cd2b8bb25f33b582047e7bad90d4a8e38ec09428eb035d9e81abb682eccf64201b97bc1f25331b7510c4b4592b7071722aa1ed6dbc543723bd45a31cbdebb73b244a46dcca761a30d945053a29e26dc9ee4c038dd711c8052068c5ceca23aeaf89f4f9a8757715021667fd9e6946150d4cfcbc78afa19c74bfefd5029d620321fbef51612891ce0f25f9c72b0d5c8c94f81be887eaf8df5511fbaa5f246bb4d74448280b37c140de252c23866543376bc16a8583e07bd4b601a00cf9a2097497cd7e6476548278291acee5a205c9b08cdb8a5519dd4e43a8ae9e53e8b4466a586da725fbe2b8ee926c22f6f7a89d2b4338a159d410e16e277b94535dc12c6e2065b35fa7692cbdd5adf6080610bb3bceb7b23dfe294170f6df2f5424f27b2dfdd95880e56ef53916c9435f3000e1df9dd7386fa204431b313b900a77dce5c025ae3e61cd308c0b2a472f7ef59731c7604a7292f7a5d8ae850588f750adcd4018c308d57d7f68df5c945beb5b978a62fdd6e5c53001bb21101b6f050209cec47d5759819aa38a246ddde2a11928a0d89dc752983879df4fd50ad031b99bf8a2996f446b7e65f112735f22b9b9c95155c677e19dd4ad46016c61b5d0786f25d120c78dd210513782a01a3599155991f979ad0588c37c946c6e6e56b045c2ea56e81450c7b78a0a3aa6db8a64022a8918e6a187c16951d43adfcd582176e9777ad5199fffd9, 0, 0);

-- --------------------------------------------------------

--
-- Estructura de tabla para la tabla `CONFIGURACION`
--

CREATE TABLE `CONFIGURACION` (
  `id` int(10) NOT NULL,
  `titulo` varchar(60) NOT NULL,
  `sitioHabilitadoMsj` varchar(255) NOT NULL,
  `descripcion` varchar(255) NOT NULL,
  `email` varchar(100) NOT NULL,
  `sitioHabilitado` tinyint(1) NOT NULL,
  `paginado_numero` int(20) NOT NULL
) ENGINE=InnoDB DEFAULT CHARSET=utf8;

--
-- Volcado de datos para la tabla `CONFIGURACION`
--

INSERT INTO `CONFIGURACION` (`id`, `titulo`, `sitioHabilitadoMsj`, `descripcion`, `email`, `sitioHabilitado`, `paginado_numero`) VALUES
(2, 'Buffet de la Facultad', 'El sitio no se encuentra habilitado. Disculpe las molestias.           ', 'El Buffet - UNLP 2016 es un sistema que permite llevar a cabo la administración de los productos y servicios relacionados con la gestión del Buffet de la Facultad de Informática. Además, te permitirá realizar pedidos online.', 'grupo15@gmail.com', 1, 20);

-- --------------------------------------------------------

--
-- Estructura de tabla para la tabla `DETALLE_EGRESO`
--

CREATE TABLE `DETALLE_EGRESO` (
  `id` int(10) NOT NULL,
  `id_compra` int(10) DEFAULT NULL,
  `id_producto` int(10) DEFAULT NULL,
  `cantidad` int(255) NOT NULL,
  `precio_unitario` float NOT NULL,
  `id_tipo_egreso` int(10) NOT NULL,
  `fecha` datetime NOT NULL DEFAULT CURRENT_TIMESTAMP,
  `bajaLogica` int(1) NOT NULL DEFAULT '0'
) ENGINE=InnoDB DEFAULT CHARSET=utf8;

--
-- Volcado de datos para la tabla `DETALLE_EGRESO`
--

INSERT INTO `DETALLE_EGRESO` (`id`, `id_compra`, `id_producto`, `cantidad`, `precio_unitario`, `id_tipo_egreso`, `fecha`, `bajaLogica`) VALUES
(1, 1, 1, 1, 212, 1, '2016-10-23 13:40:15', 0),
(2, 1, 1, 2, 12, 1, '2016-10-23 13:41:40', 0),
(4, NULL, 1, 1, 234, 2, '2016-10-23 19:14:56', 0),
(5, NULL, 1, 1, 234, 2, '2016-10-23 19:22:15', 0),
(6, NULL, 1, 1, 234, 2, '2016-10-23 19:38:31', 0),
(7, NULL, 1, 1, 234, 2, '2016-10-23 19:42:11', 0),
(8, NULL, 1, 10, 234, 2, '2016-10-23 19:42:19', 0),
(9, NULL, 1, 1, 234, 2, '2016-10-25 20:29:30', 0);

-- --------------------------------------------------------

--
-- Estructura de tabla para la tabla `DETALLE_INGRESO`
--

CREATE TABLE `DETALLE_INGRESO` (
  `id` int(255) NOT NULL,
  `id_tipo_ingreso` int(100) NOT NULL,
  `id_producto` int(255) DEFAULT NULL,
  `cantidad` int(255) NOT NULL,
  `precio_unitario` float NOT NULL,
  `descripcion` varchar(255) DEFAULT NULL,
  `fecha` datetime NOT NULL DEFAULT CURRENT_TIMESTAMP,
  `bajaLogica` int(1) NOT NULL DEFAULT '0'
) ENGINE=InnoDB DEFAULT CHARSET=utf8;

--
-- Volcado de datos para la tabla `DETALLE_INGRESO`
--

INSERT INTO `DETALLE_INGRESO` (`id`, `id_tipo_ingreso`, `id_producto`, `cantidad`, `precio_unitario`, `descripcion`, `fecha`, `bajaLogica`) VALUES
(1, 1, 1, 1, 234, '', '2016-10-23 18:16:13', 0),
(2, 1, 1, 1, 234, '', '2016-10-23 19:22:15', 0),
(3, 1, 1, 1, 234, '', '2016-10-23 19:38:31', 0),
(4, 1, 1, 1, 234, '', '2016-10-23 19:42:11', 0),
(5, 1, 1, 10, 234, '', '2016-10-23 19:42:19', 0),
(6, 1, 1, 1, 234, '', '2016-10-25 20:29:30', 0);

-- --------------------------------------------------------

--
-- Estructura de tabla para la tabla `DETALLE_PEDIDO`
--

CREATE TABLE `DETALLE_PEDIDO` (
  `id` int(10) NOT NULL,
  `id_pedido` int(10) NOT NULL,
  `id_producto` int(10) NOT NULL,
  `cantidad` int(255) NOT NULL,
  `bajaLogica` int(1) NOT NULL DEFAULT '0'
) ENGINE=InnoDB DEFAULT CHARSET=utf8;

-- --------------------------------------------------------

--
-- Estructura de tabla para la tabla `DETALLE_MENU`
--

CREATE TABLE `DETALLE_MENU` (
  `id` int(10) NOT NULL,
  `id_menu` int(10) DEFAULT NULL,
  `id_producto` int(10) DEFAULT NULL,
  `cantidad` int(255) NOT NULL,
  `bajaLogica` int(1) NOT NULL DEFAULT '0'
) ENGINE=InnoDB DEFAULT CHARSET=utf8;

-- --------------------------------------------------------

--
-- Estructura de tabla para la tabla `ESTADO`
--

CREATE TABLE `ESTADO` (
  `id` int(10) NOT NULL,
  `nombre` varchar(45) NOT NULL,
  `bajaLogica` int(1) NOT NULL DEFAULT '0'
) ENGINE=InnoDB DEFAULT CHARSET=utf8;

-- --------------------------------------------------------

--
-- Estructura de tabla para la tabla `MENU`
--

CREATE TABLE `MENU` (
  `id` int(10) NOT NULL,
  `id_producto` int(10) NOT NULL,
  `fecha` date NOT NULL,
  `habilitado` enum('S','N') NOT NULL,
  `bajaLogica` int(1) NOT NULL DEFAULT '0'
) ENGINE=InnoDB DEFAULT CHARSET=utf8;

-- --------------------------------------------------------

--
-- Estructura de tabla para la tabla `PEDIDO`
--

CREATE TABLE `PEDIDO` (
  `id` int(255) NOT NULL,
  `id_estado` int(100) NOT NULL,
  `id_usuario` int(255) NOT NULL,
  `fecha_alta` datetime NOT NULL,
  `observacion` varchar(255) NOT NULL,
  `bajaLogica` int(1) NOT NULL DEFAULT '0'
) ENGINE=InnoDB DEFAULT CHARSET=utf8;

-- --------------------------------------------------------

--
-- Estructura de tabla para la tabla `PRODUCTO`
--

CREATE TABLE `PRODUCTO` (
  `id` int(10) NOT NULL,
  `nombre` varchar(100) NOT NULL,
  `marca` varchar(45) NOT NULL,
  `codigo_barra` varchar(45) NOT NULL,
  `stock` int(255) NOT NULL DEFAULT '0',
  `stock_minimo` int(255) NOT NULL,
  `id_categoria` int(10) NOT NULL,
  `precio_venta_unitario` float NOT NULL,
  `descripcion` varchar(225) NOT NULL,
  `fecha_alta` datetime NOT NULL,
  `bajaLogica` int(1) NOT NULL DEFAULT '0'
) ENGINE=InnoDB DEFAULT CHARSET=utf8;

--
-- Volcado de datos para la tabla `PRODUCTO`
--

INSERT INTO `PRODUCTO` (`id`, `nombre`, `marca`, `codigo_barra`, `stock`, `stock_minimo`, `id_categoria`, `precio_venta_unitario`, `descripcion`, `fecha_alta`, `bajaLogica`) VALUES
(1, 'asdf', 'asdf', '1234', 43, 34, 1, 234, 'asdfasdfa', '2016-10-20 00:00:00', 0);

-- --------------------------------------------------------

--
-- Estructura de tabla para la tabla `PROVEEDOR`
--

CREATE TABLE `PROVEEDOR` (
  `id` int(10) NOT NULL,
  `nombre` varchar(15) NOT NULL,
  `cuit` varchar(15) NOT NULL,
  `bajaLogica` int(1) NOT NULL DEFAULT '0'
) ENGINE=InnoDB DEFAULT CHARSET=utf8;

--
-- Volcado de datos para la tabla `PROVEEDOR`
--

INSERT INTO `PROVEEDOR` (`id`, `nombre`, `cuit`, `bajaLogica`) VALUES
(1, 'CARREFOUR', '34543534534', 0);

-- --------------------------------------------------------

--
-- Estructura de tabla para la tabla `ROL`
--

CREATE TABLE `ROL` (
  `id` int(100) NOT NULL,
  `nombre` varchar(45) NOT NULL,
  `bajaLogica` int(1) NOT NULL DEFAULT '0'
) ENGINE=InnoDB DEFAULT CHARSET=utf8;

--
-- Volcado de datos para la tabla `ROL`
--

INSERT INTO `ROL` (`id`, `nombre`, `bajaLogica`) VALUES
(4, 'ADMINISTRADOR', 0),
(5, 'GESTION', 0),
(9, 'USUARIO ONLINE', 0);

-- --------------------------------------------------------

--
-- Estructura de tabla para la tabla `TIPO_EGRESO`
--

CREATE TABLE `TIPO_EGRESO` (
  `id` int(10) NOT NULL,
  `nombre` varchar(45) NOT NULL,
  `bajaLogica` int(1) NOT NULL DEFAULT '0'
) ENGINE=InnoDB DEFAULT CHARSET=utf8;

--
-- Volcado de datos para la tabla `TIPO_EGRESO`
--

INSERT INTO `TIPO_EGRESO` (`id`, `nombre`, `bajaLogica`) VALUES
(1, 'PROVEEDOR', 0),
(2, 'VENTA MOSTRADOR', 0);

-- --------------------------------------------------------

--
-- Estructura de tabla para la tabla `TIPO_INGRESO`
--

CREATE TABLE `TIPO_INGRESO` (
  `id` int(10) NOT NULL,
  `nombre` varchar(45) NOT NULL,
  `bajaLogica` int(1) NOT NULL DEFAULT '0'
) ENGINE=InnoDB DEFAULT CHARSET=utf8;

--
-- Volcado de datos para la tabla `TIPO_INGRESO`
--

INSERT INTO `TIPO_INGRESO` (`id`, `nombre`, `bajaLogica`) VALUES
(1, 'VENTA MOSTRADOR', 0),
(2, 'FACULTAD BECAS', 0),
(3, 'VENTA ONLINE', 0);

-- --------------------------------------------------------

--
-- Estructura de tabla para la tabla `UBICACION`
--

CREATE TABLE `UBICACION` (
  `id` int(100) NOT NULL,
  `nombre` varchar(45) NOT NULL,
  `descripcion` varchar(255) DEFAULT NULL,
  `bajaLogica` int(1) NOT NULL DEFAULT '0'
) ENGINE=InnoDB DEFAULT CHARSET=utf8;

--
-- Volcado de datos para la tabla `UBICACION`
--

INSERT INTO `UBICACION` (`id`, `nombre`, `descripcion`, `bajaLogica`) VALUES
(1, 'FOTOCOPIADO', NULL, 0),
(2, 'LEGAJO', NULL, 0),
(3, 'ALUMNOS', NULL, 0),
(4, 'LIFIA', NULL, 0),
(5, 'LIDI', NULL, 0),
(6, 'LINTI', NULL, 0);

-- --------------------------------------------------------

--
-- Estructura de tabla para la tabla `USUARIO`
--

CREATE TABLE `USUARIO` (
  `id` int(255) NOT NULL,
  `usuario` varchar(45) NOT NULL,
  `clave` longtext NOT NULL,
  `nombre` varchar(50) NOT NULL,
  `apellido` varchar(50) NOT NULL,
  `documento` int(15) NOT NULL,
  `email` varchar(255) NOT NULL,
  `telefono` varchar(45) NOT NULL,
  `id_rol` int(255) NOT NULL,
  `id_ubicacion` int(255) DEFAULT NULL,
  `token` longtext,
  `identificador` longtext NOT NULL,
  `habilitado` tinyint(1) NOT NULL DEFAULT '1',
  `bajaLogica` int(1) NOT NULL DEFAULT '0'
) ENGINE=InnoDB DEFAULT CHARSET=utf8;

--
-- Volcado de datos para la tabla `USUARIO`
--

INSERT INTO `USUARIO` (`id`, `usuario`, `clave`, `nombre`, `apellido`, `documento`, `email`, `telefono`, `id_rol`, `id_ubicacion`, `token`, `identificador`, `habilitado`, `bajaLogica`) VALUES
(1, 'admin', '502f6f643a4181800f70e4fdba42052b1730a82d7b46959fbaeadfe4383074005c7f5d6d1802e65b82870a8e24bc68c1af1e4826d940151739e9c7dff1a25a3c', 'Administrador', 'Administrador', 30464267, 'admin@admin.com', '4556598', 4, 1, 'NO_TOKEN', 'c7ad44cbad762a5da0a452f9e854fdc1e0e7a52a38015f23f3eab1d80b931dd472634dfac71cd34ebc35d16ab7fb8a90c81f975113d6c7538dc69dd8de9077ec', 1, 0),
(2, 'prueba', 'c720b74a9d8667abd1822b84f1824c71301d61e1f3281e6a1b37a0dc503eac2a5eda52c751419b6089caa10ca1cc8358b16084ad1c65a055d73a06ace160f3e0', 'lalalla', 'alallalal', 324, 'asdfa@asdfa.com', 'telefono', 5, NULL, 'NO_TOKEN', '0439434dae91c10c3bc073af1e76addf8f57a30ce0a7de0438b3aaad34b85200d41d01078f2ee786b3130b4ed4e39e3e26090da5d9f87420454dfdd182761cce', 0, 1),
(3, 'usuario', 'e30ec606bc39730b8221c7bfe0215f2445e9163db49fd6b7b801a2ca02b1a22ce206edd7cde7242bf4d8880257d3773d160eab80725d262d4d523abcad8166ba', 'asdf', 'asdfa', 32423, 'asdfasdf@asdfa.com', 'telefono', 9, 4, 'NO_TOKEN', 'd9e94fd2b4c5522e5bb7996aa4df48a3f6b8f1b0c3e7fadb5fcc724e3ab6d85dc401b0a2789fe56c209b80e86102b218ff74ff8614f315599a180691846138b6', 1, 0),
(4, 'gestion', '545ad47d08cb9b7b49d401199f2be656ba5d381cfa6676ba9b854e6070db5fe75363122866b00e138db5d1a5b465a3826536859ce4ad270d533df7a57f450d2e', 'asdf', 'asdf', 3423, 'asdfa@asdfa.com', 'telefono', 5, NULL, 'NO_TOKEN', '5d5052f6e839217f24943a9ccf97c946b0915682b9aec2a694a9c38ffc44346c596cd2b79732f387aa3cf61388e8841018386050693af9dc859809ba61b83fd1', 1, 0),
(5, 'nuevoUsuario', '79b2e3d0dc5bfed2b3076899744fc0cd5139cafff693cc3d7a50404a8276b12abe221de85cd3899d6f35029466fda520b903181e57b2cb486ee0e509f252da5c', 'nuevo nombre', 'nuevo apellido', 2345425, 'asdasd@asdfa.com', 'telefono', 4, NULL, NULL, 'bbc15c9cc0c41f237cecadb61d29eda166b633e5d3ce4b56eb531f9dfca7597f2a8e417398d89edadf58db33e357301053af32af96442793ec9af663607b3dfd', 1, 1);

--
-- Índices para tablas volcadas
--

--
-- Indices de la tabla `CATEGORIA`
--
ALTER TABLE `CATEGORIA`
  ADD PRIMARY KEY (`id`),
  ADD KEY `categoria_padre_id` (`categoria_padre_id`);

--
-- Indices de la tabla `COMPRA`
--
ALTER TABLE `COMPRA`
  ADD PRIMARY KEY (`id`),
  ADD KEY `fk_COMPRA_1_idx` (`id_proveedor`);

--
-- Indices de la tabla `CONFIGURACION`
--
ALTER TABLE `CONFIGURACION`
  ADD PRIMARY KEY (`id`);

--
-- Indices de la tabla `DETALLE_EGRESO`
--
ALTER TABLE `DETALLE_EGRESO`
  ADD PRIMARY KEY (`id`),
  ADD KEY `id_tipo_egreso` (`id_tipo_egreso`),
  ADD KEY `id_producto` (`id_producto`),
  ADD KEY `id_compra` (`id_compra`);

--
-- Indices de la tabla `DETALLE_INGRESO`
--
ALTER TABLE `DETALLE_INGRESO`
  ADD PRIMARY KEY (`id`),
  ADD KEY `id_tipo_ingreso` (`id_tipo_ingreso`),
  ADD KEY `id_producto` (`id_producto`);

--
-- Indices de la tabla `DETALLE_PEDIDO`
--
ALTER TABLE `DETALLE_PEDIDO`
  ADD PRIMARY KEY (`id`),
  ADD KEY `id_pedido` (`id_pedido`),
  ADD KEY `id_producto` (`id_producto`);

--
-- Indices de la tabla `ESTADO`
--
ALTER TABLE `ESTADO`
  ADD PRIMARY KEY (`id`);

--
-- Indices de la tabla `MENU`
--
ALTER TABLE `MENU`
  ADD PRIMARY KEY (`id`),
  ADD KEY `id_producto` (`id_producto`);

--
-- Indices de la tabla `PEDIDO`
--
ALTER TABLE `PEDIDO`
  ADD PRIMARY KEY (`id`),
  ADD KEY `id_estado` (`id_estado`),
  ADD KEY `id_usuario` (`id_usuario`);

--
-- Indices de la tabla `PRODUCTO`
--
ALTER TABLE `PRODUCTO`
  ADD PRIMARY KEY (`id`),
  ADD UNIQUE KEY `codigo_barra` (`codigo_barra`),
  ADD KEY `id_categoria` (`id_categoria`);

--
-- Indices de la tabla `PROVEEDOR`
--
ALTER TABLE `PROVEEDOR`
  ADD PRIMARY KEY (`id`);

--
-- Indices de la tabla `ROL`
--
ALTER TABLE `ROL`
  ADD PRIMARY KEY (`id`);

--
-- Indices de la tabla `TIPO_EGRESO`
--
ALTER TABLE `TIPO_EGRESO`
  ADD PRIMARY KEY (`id`);

--
-- Indices de la tabla `TIPO_INGRESO`
--
ALTER TABLE `TIPO_INGRESO`
  ADD PRIMARY KEY (`id`);

--
-- Indices de la tabla `UBICACION`
--
ALTER TABLE `UBICACION`
  ADD PRIMARY KEY (`id`);

--
-- Indices de la tabla `USUARIO`
--
ALTER TABLE `USUARIO`
  ADD PRIMARY KEY (`id`),
  ADD KEY `id_rol` (`id_rol`),
  ADD KEY `id_ubicacion` (`id_ubicacion`);

--
-- AUTO_INCREMENT de las tablas volcadas
--

--
-- AUTO_INCREMENT de la tabla `CATEGORIA`
--
ALTER TABLE `CATEGORIA`
  MODIFY `id` int(10) NOT NULL AUTO_INCREMENT, AUTO_INCREMENT=2;
--
-- AUTO_INCREMENT de la tabla `COMPRA`
--
ALTER TABLE `COMPRA`
  MODIFY `id` int(10) NOT NULL AUTO_INCREMENT, AUTO_INCREMENT=3;
--
-- AUTO_INCREMENT de la tabla `CONFIGURACION`
--
ALTER TABLE `CONFIGURACION`
  MODIFY `id` int(10) NOT NULL AUTO_INCREMENT, AUTO_INCREMENT=3;
--
-- AUTO_INCREMENT de la tabla `DETALLE_EGRESO`
--
ALTER TABLE `DETALLE_EGRESO`
  MODIFY `id` int(10) NOT NULL AUTO_INCREMENT, AUTO_INCREMENT=10;
--
-- AUTO_INCREMENT de la tabla `DETALLE_INGRESO`
--
ALTER TABLE `DETALLE_INGRESO`
  MODIFY `id` int(255) NOT NULL AUTO_INCREMENT, AUTO_INCREMENT=7;
--
-- AUTO_INCREMENT de la tabla `DETALLE_PEDIDO`
--
ALTER TABLE `DETALLE_PEDIDO`
  MODIFY `id` int(10) NOT NULL AUTO_INCREMENT;
--
-- AUTO_INCREMENT de la tabla `ESTADO`
--
ALTER TABLE `ESTADO`
  MODIFY `id` int(10) NOT NULL AUTO_INCREMENT;
--
-- AUTO_INCREMENT de la tabla `MENU`
--
ALTER TABLE `MENU`
  MODIFY `id` int(10) NOT NULL AUTO_INCREMENT;
--
-- AUTO_INCREMENT de la tabla `PEDIDO`
--
ALTER TABLE `PEDIDO`
  MODIFY `id` int(255) NOT NULL AUTO_INCREMENT;
--
-- AUTO_INCREMENT de la tabla `PRODUCTO`
--
ALTER TABLE `PRODUCTO`
  MODIFY `id` int(10) NOT NULL AUTO_INCREMENT, AUTO_INCREMENT=2;
--
-- AUTO_INCREMENT de la tabla `PROVEEDOR`
--
ALTER TABLE `PROVEEDOR`
  MODIFY `id` int(10) NOT NULL AUTO_INCREMENT, AUTO_INCREMENT=2;
--
-- AUTO_INCREMENT de la tabla `ROL`
--
ALTER TABLE `ROL`
  MODIFY `id` int(100) NOT NULL AUTO_INCREMENT, AUTO_INCREMENT=10;
--
-- AUTO_INCREMENT de la tabla `TIPO_EGRESO`
--
ALTER TABLE `TIPO_EGRESO`
  MODIFY `id` int(10) NOT NULL AUTO_INCREMENT, AUTO_INCREMENT=3; 
--
-- AUTO_INCREMENT de la tabla `TIPO_INGRESO`
--
ALTER TABLE `TIPO_INGRESO`
  MODIFY `id` int(10) NOT NULL AUTO_INCREMENT, AUTO_INCREMENT=4;
--
-- AUTO_INCREMENT de la tabla `UBICACION`
--
ALTER TABLE `UBICACION`
  MODIFY `id` int(100) NOT NULL AUTO_INCREMENT, AUTO_INCREMENT=7;
--
-- AUTO_INCREMENT de la tabla `USUARIO`
--
ALTER TABLE `USUARIO`
  MODIFY `id` int(255) NOT NULL AUTO_INCREMENT, AUTO_INCREMENT=6;
--
-- Restricciones para tablas volcadas
--

--
-- Filtros para la tabla `CATEGORIA`
--
ALTER TABLE `CATEGORIA`
  ADD CONSTRAINT `CATEGORIA_ibfk_1` FOREIGN KEY (`categoria_padre_id`) REFERENCES `CATEGORIA` (`id`);

--
-- Filtros para la tabla `COMPRA`
--
ALTER TABLE `COMPRA`
  ADD CONSTRAINT `fk_COMPRA_1` FOREIGN KEY (`id_proveedor`) REFERENCES `PROVEEDOR` (`id`) ON DELETE NO ACTION ON UPDATE NO ACTION;

--
-- Filtros para la tabla `DETALLE_EGRESO`
--
ALTER TABLE `DETALLE_EGRESO`
  ADD CONSTRAINT `fk_DETALLE_EGRESO_1` FOREIGN KEY (`id_tipo_egreso`) REFERENCES `TIPO_EGRESO` (`id`) ON DELETE NO ACTION ON UPDATE NO ACTION,
  ADD CONSTRAINT `fk_DETALLE_EGRESO_2` FOREIGN KEY (`id_compra`) REFERENCES `COMPRA` (`id`) ON DELETE NO ACTION ON UPDATE NO ACTION,
  ADD CONSTRAINT `fk_DETALLE_EGRESO_3` FOREIGN KEY (`id_producto`) REFERENCES `PRODUCTO` (`id`) ON DELETE NO ACTION ON UPDATE NO ACTION;

--
-- Filtros para la tabla `DETALLE_INGRESO`
--
ALTER TABLE `DETALLE_INGRESO`
  ADD CONSTRAINT `fk_DETALLE_INGRESO_1` FOREIGN KEY (`id_producto`) REFERENCES `PRODUCTO` (`id`) ON DELETE NO ACTION ON UPDATE NO ACTION,
  ADD CONSTRAINT `fk_DETALLE_INGRESO_2` FOREIGN KEY (`id_tipo_ingreso`) REFERENCES `TIPO_INGRESO` (`id`) ON DELETE NO ACTION ON UPDATE NO ACTION;

--
-- Filtros para la tabla `DETALLE_PEDIDO`
--
ALTER TABLE `DETALLE_PEDIDO`
  ADD CONSTRAINT `fk_DETALLE_PEDIDO_1` FOREIGN KEY (`id_producto`) REFERENCES `PRODUCTO` (`id`) ON DELETE NO ACTION ON UPDATE NO ACTION,
  ADD CONSTRAINT `fk_DETALLE_PEDIDO_2` FOREIGN KEY (`id_pedido`) REFERENCES `PEDIDO` (`id`) ON DELETE NO ACTION ON UPDATE NO ACTION;

--
-- Filtros para la tabla `DETALLE_MENU`
--
ALTER TABLE `DETALLE_MENU`
  ADD CONSTRAINT `fk_DETALLE_MENU_1` FOREIGN KEY (`id_producto`) REFERENCES `PRODUCTO` (`id`) ON DELETE NO ACTION ON UPDATE NO ACTION,
    ADD CONSTRAINT `fk_DETALLE_MENU_2` FOREIGN KEY (`id_menu`) REFERENCES `MENU` (`id`) ON DELETE NO ACTION ON UPDATE NO ACTION;

--
-- Filtros para la tabla `PEDIDO`
--
ALTER TABLE `PEDIDO`
  ADD CONSTRAINT `fk_PEDIDO_1` FOREIGN KEY (`id_usuario`) REFERENCES `USUARIO` (`id`) ON DELETE NO ACTION ON UPDATE NO ACTION,
  ADD CONSTRAINT `fk_PEDIDO_2` FOREIGN KEY (`id_estado`) REFERENCES `ESTADO` (`id`) ON DELETE NO ACTION ON UPDATE NO ACTION;

--
-- Filtros para la tabla `PRODUCTO`
--
ALTER TABLE `PRODUCTO`
  ADD CONSTRAINT `fk_PRODUCTO_1` FOREIGN KEY (`id_categoria`) REFERENCES `CATEGORIA` (`id`) ON DELETE NO ACTION ON UPDATE NO ACTION;

--
-- Filtros para la tabla `USUARIO`
--
ALTER TABLE `USUARIO`
  ADD CONSTRAINT `fk_USUARIO_1` FOREIGN KEY (`id_ubicacion`) REFERENCES `UBICACION` (`id`) ON DELETE NO ACTION ON UPDATE NO ACTION,
  ADD CONSTRAINT `fk_USUARIO_2` FOREIGN KEY (`id_rol`) REFERENCES `ROL` (`id`) ON DELETE NO ACTION ON UPDATE NO ACTION;

/*!40101 SET CHARACTER_SET_CLIENT=@OLD_CHARACTER_SET_CLIENT */;
/*!40101 SET CHARACTER_SET_RESULTS=@OLD_CHARACTER_SET_RESULTS */;
/*!40101 SET COLLATION_CONNECTION=@OLD_COLLATION_CONNECTION */;
